date,Tweet count,Retweet count,Like count,Avg VADER Neg,Avg VADER Neu,Avg VADER Pos,Avg VADER Comp,Avg VADER Score,FinBert Pos count,FinBert Neu count,FinBert Neg count,FinBert proportion Pos,FinBert proportion Neu,FinBert proportion Neg
1/1/2021,267,125,495,8.326,235.815,22.861,57.2243,207905.859,16,243,8,0.059925094,0.91011236,0.029962547
2/1/2021,501,715,5579,19.608,446.166,35.235,73.2517,949259.9465,30,461,10,0.05988024,0.920159681,0.01996008
3/1/2021,486,281,1454,16.857,427.194,41.953,101.3046,74312.0278,38,442,6,0.0781893,0.909465021,0.012345679
4/1/2021,365,154,1241,15.367,321.453,28.183,64.8278,382667.1671,23,326,16,0.063013699,0.893150685,0.043835616
5/1/2021,347,1032,2375,11.616,304.041,31.355,87.4927,1405274.599,20,323,4,0.057636888,0.930835735,0.011527378
6/1/2021,330,118,879,10.17,294.14,25.694,70.8259,692351.9773,11,312,7,0.033333333,0.945454545,0.021212121
7/1/2021,450,193,1491,12.233,401.695,36.068,106.9835,1176598.33,19,422,9,0.042222222,0.937777778,0.02
8/1/2021,450,354,1818,15.74,395.349,38.903,104.4287,4126899.388,30,410,10,0.066666667,0.911111111,0.022222222
9/1/2021,354,283,2008,11.458,314.368,28.171,77.378,596729.0618,12,333,9,0.033898305,0.940677966,0.025423729
10/1/2021,370,281,1483,12.927,329.44,27.628,61.9632,-1046753.271,16,342,12,0.043243243,0.924324324,0.032432432
11/1/2021,481,504,2906,22.35,422.383,36.268,59.4223,-4575777.882,25,432,24,0.051975052,0.898128898,0.04989605
12/1/2021,363,605,1297,13.143,321.551,28.309,62.8202,-3480745.227,15,341,7,0.041322314,0.939393939,0.019283747
13/1/2021,377,313,1295,14,335.583,27.416,62.751,385118.2965,20,350,7,0.053050398,0.928381963,0.018567639
14/1/2021,375,531,3571,13.857,332.528,28.607,65.669,234763.6678,24,343,8,0.064,0.914666667,0.021333333
15/1/2021,334,1090,2221,13.309,300.155,20.532,43.5687,768929.3392,13,311,10,0.038922156,0.931137725,0.02994012
16/1/2021,298,2082,1985,10.206,266.775,21.018,42.4745,1010069.415,7,285,6,0.023489933,0.956375839,0.020134228
17/1/2021,262,2254,2626,9.331,232.288,20.379,50.5847,5670123.597,8,249,5,0.030534351,0.950381679,0.019083969
18/1/2021,283,121,687,9.87,251.585,21.538,50.5626,211938.8139,8,262,13,0.028268551,0.925795053,0.045936396
19/1/2021,299,197,1403,8.54,265.874,24.587,71.8503,2361863.004,13,279,7,0.043478261,0.933110368,0.023411371
20/1/2021,284,257,1448,9.532,254.508,19.965,49.6899,-524547.5828,13,269,2,0.045774648,0.947183099,0.007042254
21/1/2021,382,350,2377,14.962,338.583,28.46,61.3722,2323280.704,19,347,16,0.04973822,0.908376963,0.041884817
22/1/2021,365,880,2346,15.511,323.832,25.663,50.1427,6626705.848,14,342,9,0.038356164,0.936986301,0.024657534
23/1/2021,263,123,1021,7.807,236.472,18.723,51.2194,4116617.521,8,246,9,0.030418251,0.935361217,0.034220532
24/1/2021,240,176,1272,8.712,213.864,17.428,36.3085,630318.9231,8,225,7,0.033333333,0.9375,0.029166667
25/1/2021,244,231,1250,9.302,217.03,17.665,36.0264,-465554.5823,10,230,4,0.040983607,0.942622951,0.016393443
26/1/2021,270,173,1228,10.74,239.852,19.41,38.2252,-17079.8264,12,254,4,0.044444444,0.940740741,0.014814815
27/1/2021,273,384,2670,11.687,244.254,17.065,27.1157,-146383.3197,12,254,7,0.043956044,0.93040293,0.025641026
28/1/2021,465,260,1666,11.339,406.822,46.835,165.044,338747.1366,13,444,8,0.027956989,0.95483871,0.017204301
29/1/2021,1376,478,2824,24.003,1181.767,170.248,707.8584,1977632.644,17,1352,7,0.012354651,0.98255814,0.005087209
30/1/2021,525,156,1160,13.171,463.687,48.134,176.3325,-1103987.073,9,513,3,0.017142857,0.977142857,0.005714286
31/1/2021,383,241,1075,7.259,340.657,35.09,133.2776,609170.054,11,366,6,0.028720627,0.955613577,0.015665796
1/2/2021,428,661,3833,9.713,374.471,43.82,165.7896,727966.1083,11,412,5,0.025700935,0.962616822,0.011682243
2/2/2021,299,152,883,8.529,265.479,24.992,77.3907,1328445.592,26,271,2,0.086956522,0.906354515,0.006688963
3/2/2021,307,233,1079,8.452,273.492,25.056,75.5025,2937379.126,19,285,3,0.061889251,0.928338762,0.009771987
4/2/2021,500,163,1085,10.1,441.214,48.688,179.014,820304.3385,15,481,4,0.03,0.962,0.008
5/2/2021,428,737,3075,12.003,376.125,39.874,128.728,3138290.703,18,404,6,0.042056075,0.943925234,0.014018692
6/2/2021,410,121,948,9.728,365.213,35.066,119.2355,456710.6832,24,379,7,0.058536585,0.924390244,0.017073171
7/2/2021,452,256,1359,10.409,398.415,43.17,154.0336,669980.9895,12,427,13,0.026548673,0.944690265,0.028761062
8/2/2021,736,951,3837,21.469,643.788,70.742,230.5983,1487371.539,38,684,14,0.051630435,0.929347826,0.019021739
9/2/2021,564,394,2159,18.405,495.646,49.945,145.3115,2892032.141,22,530,12,0.039007092,0.939716312,0.021276596
10/2/2021,373,434,2647,12.761,328.958,31.282,87.6841,1520563.877,21,346,6,0.056300268,0.927613941,0.016085791
11/2/2021,356,272,1631,10.884,316.769,28.352,79.6816,651030.5815,19,327,10,0.053370787,0.918539326,0.028089888
12/2/2021,369,176,1439,11.606,328.637,28.754,76.2504,4071452.201,24,338,7,0.06504065,0.91598916,0.01897019
13/2/2021,343,199,1238,9.598,303.812,29.596,95.3628,534468.0081,18,323,2,0.052478134,0.941690962,0.005830904
14/2/2021,358,358,2255,9.794,319.738,28.468,79.5155,-100108.2481,19,332,7,0.053072626,0.927374302,0.019553073
15/2/2021,354,231,1297,12.225,310.629,31.143,86.4639,855129.516,16,334,4,0.04519774,0.943502825,0.011299435
16/2/2021,370,220,2194,11.085,325.01,33.895,99.2651,361722.8918,23,338,9,0.062162162,0.913513514,0.024324324
17/2/2021,480,384,1677,17.768,421.85,40.374,101.2177,359047.6079,23,448,9,0.047916667,0.933333333,0.01875
18/2/2021,395,163,769,11.553,348.895,34.558,104.9116,1812184.151,13,370,12,0.032911392,0.936708861,0.030379747
19/2/2021,516,778,3368,19.97,448.202,47.808,128.0221,2380298.521,21,487,8,0.040697674,0.94379845,0.015503876
20/2/2021,512,344,2488,17.358,447.099,47.528,138.3178,565946.8254,24,480,8,0.046875,0.9375,0.015625
21/2/2021,494,441,2727,16.847,433.29,43.853,124.2799,393634.1827,26,458,10,0.052631579,0.927125506,0.020242915
22/2/2021,502,614,3180,17.7,439.209,45.075,130.5395,290164.6577,17,476,9,0.033864542,0.948207171,0.017928287
23/2/2021,829,391,1935,25.212,705.835,97.951,347.1882,742323.3114,18,800,11,0.021712907,0.965018094,0.013268999
24/2/2021,534,275,2207,23.986,457.792,52.244,119.4309,1961262.336,30,500,4,0.056179775,0.936329588,0.007490637
25/2/2021,401,417,1292,15.289,349.871,35.85,100.4653,576174.6924,17,371,13,0.042394015,0.925187032,0.032418953
26/2/2021,431,271,1973,18.84,376.862,35.307,72.6738,-1228520.314,27,388,16,0.062645012,0.900232019,0.03712297
27/2/2021,404,341,1878,10.383,356.796,36.835,126.4979,908085.1239,21,374,9,0.051980198,0.925742574,0.022277228
28/2/2021,441,251,1935,21.074,385.901,34.034,59.0389,2221105.429,20,401,20,0.045351474,0.909297052,0.045351474
1/3/2021,422,395,2022,18.11,368.055,35.863,77.9114,2108664.994,21,395,6,0.049763033,0.936018957,0.014218009
2/3/2021,333,177,1047,11.537,294.522,26.94,76.2173,2359363.729,19,311,3,0.057057057,0.933933934,0.009009009
3/3/2021,367,331,1962,12.069,323.61,31.321,84.9178,2857955.556,21,339,7,0.057220708,0.923705722,0.019073569
4/3/2021,323,856,4569,12.981,283.502,26.513,60.9009,3355057.608,20,295,8,0.061919505,0.913312693,0.024767802
5/3/2021,310,196,1376,10.157,272.515,27.332,77.7533,142318.3516,20,281,9,0.064516129,0.906451613,0.029032258
6/3/2021,307,542,2382,9.549,273.374,24.078,65.6771,-322345.266,6,296,5,0.019543974,0.964169381,0.016286645
7/3/2021,291,2069,11079,7.956,257.649,25.389,72.6842,-1764894.756,19,268,4,0.065292096,0.920962199,0.013745704
8/3/2021,311,200,1565,9.736,273.87,27.396,79.8763,263902.6102,31,275,5,0.099678457,0.884244373,0.01607717
9/3/2021,381,260,1737,9.647,338.162,33.189,109.0873,1333605.571,27,352,2,0.070866142,0.923884514,0.005249344
10/3/2021,344,207,1352,8.562,306.447,28.993,91.3682,-1648050.143,26,314,4,0.075581395,0.912790698,0.011627907
11/3/2021,424,440,2508,10.541,371.58,41.883,136.5133,647561.1621,24,396,4,0.056603774,0.933962264,0.009433962
12/3/2021,328,137,878,9.98,292.217,25.807,73.3985,365130.1386,18,305,5,0.054878049,0.929878049,0.015243902
13/3/2021,375,555,2582,11.303,335.988,27.711,75.9151,435642.1124,13,356,6,0.034666667,0.949333333,0.016
14/3/2021,423,807,2405,10.905,370.236,41.855,142.914,2093060.307,26,391,6,0.061465721,0.924349882,0.014184397
15/3/2021,500,202,1308,12.737,431.605,55.661,195.2915,206130.1221,50,441,9,0.1,0.882,0.018
16/3/2021,440,164,1433,10.462,380.375,49.173,176.8094,749893.4965,33,403,4,0.075,0.915909091,0.009090909
17/3/2021,358,260,1792,10.689,312.01,35.3,108.7208,1199349.016,20,335,3,0.055865922,0.93575419,0.008379888
18/3/2021,322,978,9640,10.112,284.271,27.622,77.8335,4479918.735,11,304,7,0.034161491,0.944099379,0.02173913
19/3/2021,324,340,2101,9.321,286.967,27.707,82.2985,1599037.393,5,315,4,0.015432099,0.972222222,0.012345679
20/3/2021,322,91,622,9.824,284.143,28.03,85.7541,2655817.798,14,308,0,0.043478261,0.956521739,0
21/3/2021,317,161,1108,8.666,283.678,24.658,73.958,759809.6056,22,289,6,0.069400631,0.911671924,0.018927445
22/3/2021,329,410,2003,10.419,291.413,27.165,76.9691,2085128.631,16,306,7,0.048632219,0.930091185,0.021276596
23/3/2021,349,134,883,11.276,308.78,28.967,72.8955,2855014.329,19,321,9,0.054441261,0.919770774,0.025787966
24/3/2021,587,340,2773,27.613,507.261,52.12,110.5455,1622925.915,33,539,15,0.056218058,0.918228279,0.025553663
25/3/2021,473,418,2998,22.848,416.294,33.86,50.7573,-4808229.56,15,450,8,0.031712474,0.951374207,0.016913319
26/3/2021,361,203,1191,14.19,318.484,28.324,56.3113,-2898746.699,18,340,3,0.049861496,0.941828255,0.008310249
27/3/2021,315,146,857,15.738,276.237,23.025,29.1931,442501.0831,11,301,3,0.034920635,0.955555556,0.00952381
28/3/2021,268,144,789,10.469,236.598,20.929,41.467,100838.1155,10,254,4,0.037313433,0.947761194,0.014925373
29/3/2021,280,160,1889,9.903,247.766,22.323,57.3897,3888885.771,9,266,5,0.032142857,0.95,0.017857143
30/3/2021,306,574,1957,8.089,273.192,24.718,75.3567,4329024.871,14,287,5,0.045751634,0.937908497,0.016339869
31/3/2021,315,254,1275,10.245,274.276,30.474,72.0261,5848233.182,18,290,7,0.057142857,0.920634921,0.022222222
1/4/2021,278,218,1463,7.714,246.877,23.406,68.892,3343669.643,15,258,5,0.053956835,0.928057554,0.017985612
2/4/2021,255,228,1680,6.855,226.698,21.449,65.0841,1911289.339,11,242,2,0.043137255,0.949019608,0.007843137
3/4/2021,243,169,1255,6.506,217.703,18.785,56.4133,666036.6808,11,229,3,0.04526749,0.942386831,0.012345679
4/4/2021,222,132,706,5.222,199.764,17.011,54.878,780681.0967,11,209,2,0.04954955,0.941441441,0.009009009
5/4/2021,231,427,2283,5.092,206.618,19.291,67.5059,457594.6859,18,211,2,0.077922078,0.913419913,0.008658009
6/4/2021,275,219,1268,9.895,244.958,20.146,45.8589,427357.4659,6,265,4,0.021818182,0.963636364,0.014545455
7/4/2021,434,1036,6104,11.554,352.887,69.559,176.873,3033422.061,159,266,9,0.366359447,0.612903226,0.020737327
8/4/2021,286,239,1079,9.687,251.238,25.07,63.2944,3438457.606,24,256,6,0.083916084,0.895104895,0.020979021
9/4/2021,251,186,895,10.002,221.656,19.338,40.3028,128725.1419,9,234,8,0.035856574,0.932270916,0.03187251
10/4/2021,264,132,1070,8.253,239.231,16.519,35.2374,138364.4747,8,254,2,0.03030303,0.962121212,0.007575758
11/4/2021,265,437,1982,7.525,236.869,20.599,46.8815,-19880.7575,20,241,4,0.075471698,0.909433962,0.01509434
12/4/2021,279,232,1891,8.22,250.666,20.106,55.0204,3530552.222,13,260,6,0.046594982,0.931899642,0.021505376
13/4/2021,351,392,2090,15.421,302.999,32.583,79.0614,3201495.137,22,324,5,0.062678063,0.923076923,0.014245014
14/4/2021,392,131,1017,14.396,343.291,34.315,84.187,56290.0559,15,366,11,0.038265306,0.933673469,0.028061224
15/4/2021,318,384,1743,8.346,280.538,29.114,86.4669,717985.0907,9,300,9,0.028301887,0.943396226,0.028301887
16/4/2021,614,367,1975,12.701,518.379,82.923,285.822,2118784.762,69,537,8,0.11237785,0.874592834,0.013029316
17/4/2021,286,79,689,6.673,249.515,29.81,108.1947,392874.7796,20,261,5,0.06993007,0.912587413,0.017482517
18/4/2021,395,832,4333,17.58,345.797,31.635,71.3229,991872.898,18,364,13,0.04556962,0.921518987,0.032911392
19/4/2021,341,283,2537,12.718,301.268,27.022,67.9035,-333688.9927,18,317,6,0.052785924,0.929618768,0.017595308
20/4/2021,391,469,4297,12.215,345.363,33.414,102.4735,2628677.58,13,367,11,0.033248082,0.938618926,0.028132992
21/4/2021,375,288,1401,9.317,327.594,38.091,119.4108,3383523.331,31,334,10,0.082666667,0.890666667,0.026666667
22/4/2021,381,164,1054,13.851,330.568,36.574,93.4331,90486.3777,16,353,12,0.041994751,0.926509186,0.031496063
23/4/2021,459,942,6213,22.942,406.436,29.635,35.9759,-1473351.734,26,418,15,0.05664488,0.910675381,0.032679739
24/4/2021,313,191,1197,11.629,280.326,21.045,43.6309,1706911.07,19,287,7,0.060702875,0.916932907,0.022364217
25/4/2021,316,206,1274,10.892,279.951,25.157,60.4199,2548098.566,15,295,6,0.047468354,0.933544304,0.018987342
26/4/2021,368,171,863,12.834,324.616,30.553,78.7468,273571.5099,17,341,10,0.046195652,0.926630435,0.027173913
27/4/2021,351,490,3587,10.965,308.78,31.251,85.8553,1384659.148,19,328,4,0.054131054,0.934472934,0.011396011
28/4/2021,295,193,1158,10.287,261.176,23.545,61.4613,1105967.521,13,278,4,0.044067797,0.942372881,0.013559322
29/4/2021,337,662,4054,12.493,296.431,28.077,63.8149,1070298.295,11,319,7,0.03264095,0.946587537,0.020771513
30/4/2021,307,125,571,9.699,273.417,23.884,60.7537,486985.9698,10,291,6,0.03257329,0.947882736,0.019543974
1/5/2021,402,277,1264,9.401,340.592,52.014,146.7533,2016835.455,16,380,6,0.039800995,0.945273632,0.014925373
2/5/2021,268,200,1563,9.236,237.428,21.332,57.9845,732213.8866,8,256,4,0.029850746,0.955223881,0.014925373
3/5/2021,304,471,2058,9.068,270.153,24.781,71.0539,2779731.327,12,288,4,0.039473684,0.947368421,0.013157895
4/5/2021,442,4510,32644,10.487,388.141,43.372,155.7193,18270175.36,18,418,6,0.040723982,0.945701357,0.013574661
5/5/2021,429,392,3797,12.361,362.775,53.862,163.1933,1476801.357,22,401,6,0.051282051,0.934731935,0.013986014
6/5/2021,366,342,1238,5.49,318.633,41.87,160.3696,1342839.801,14,348,4,0.038251366,0.950819672,0.010928962
7/5/2021,256,303,1147,7.548,229.536,18.915,47.1565,566690.7972,21,231,4,0.08203125,0.90234375,0.015625
8/5/2021,260,140,751,8.492,232.409,19.099,45.2891,202522.0252,9,243,8,0.034615385,0.934615385,0.030769231
9/5/2021,276,160,658,7.526,248.762,19.709,57.4989,764392.1047,15,255,6,0.054347826,0.923913043,0.02173913
10/5/2021,279,339,3034,8.525,251.9,18.578,43.5406,393378.1858,10,264,5,0.035842294,0.946236559,0.017921147
11/5/2021,297,217,906,8.794,263.255,24.954,74.0165,1038115.518,8,283,6,0.026936027,0.952861953,0.02020202
12/5/2021,338,487,1887,14.49,294.482,29.027,67.1839,52636.9109,15,313,10,0.044378698,0.926035503,0.029585799
13/5/2021,859,1988,17079,49.823,730.978,78.189,120.8446,-8822562.583,53,760,46,0.061699651,0.884749709,0.05355064
14/5/2021,369,375,2168,17.535,320.328,31.138,57.7929,-35222.3986,21,335,13,0.056910569,0.907859079,0.035230352
15/5/2021,332,145,1364,14.931,290.405,26.661,55.9053,159891.0245,9,310,13,0.027108434,0.93373494,0.039156627
16/5/2021,606,1026,6886,36.528,520.233,49.229,62.3869,1061344.642,30,551,25,0.04950495,0.909240924,0.041254125
17/5/2021,923,1632,9994,56.25,785.083,81.68,107.7134,-204382.3824,69,803,51,0.07475623,0.869989166,0.055254605
18/5/2021,495,534,4206,21.783,427.939,45.279,105.2152,3202064.382,31,458,6,0.062626263,0.925252525,0.012121212
19/5/2021,895,907,6865,52.255,774.826,67.925,75.3088,7466881.419,48,810,37,0.053631285,0.905027933,0.041340782
20/5/2021,589,1369,7276,29.706,512.964,46.317,69.9345,3647678.027,38,535,16,0.064516129,0.908319185,0.027164686
21/5/2021,491,1736,9977,25.68,428.578,36.746,53.4274,2525649.313,33,435,23,0.067209776,0.885947047,0.046843177
22/5/2021,424,560,3898,19.318,371.612,33.065,56.5443,5668.4605,31,377,16,0.073113208,0.889150943,0.037735849
23/5/2021,499,506,3959,29.16,435.281,34.561,26.2747,247325.6678,33,443,23,0.066132265,0.887775551,0.046092184
24/5/2021,502,514,6069,24.314,439.935,37.738,60.8354,781612.2891,32,461,9,0.06374502,0.918326693,0.017928287
25/5/2021,423,234,1989,23.12,370.275,29.597,30.1788,1013739.412,16,388,19,0.037825059,0.917257683,0.044917258
26/5/2021,380,738,4024,16.38,338.579,25.041,42.4359,1436840.903,27,345,8,0.071052632,0.907894737,0.021052632
27/5/2021,302,197,1308,10.809,271.023,20.171,42.6306,537067.5181,18,273,11,0.059602649,0.90397351,0.036423841
28/5/2021,351,269,1640,16.47,307.075,27.459,50.6529,710543.4556,12,333,6,0.034188034,0.948717949,0.017094017
29/5/2021,350,388,2772,16.518,305.612,27.87,50.7631,1198075.337,20,319,11,0.057142857,0.911428571,0.031428571
30/5/2021,321,387,1953,14.8,283.44,22.768,33.847,220715.9577,10,305,6,0.031152648,0.950155763,0.018691589
31/5/2021,319,290,1677,13.954,282.514,22.533,32.0478,39491.1922,22,286,11,0.068965517,0.896551724,0.034482759
1/6/2021,301,327,2423,12.156,266.377,22.465,48.8131,384228.0029,25,262,14,0.083056478,0.870431894,0.046511628
2/6/2021,314,420,2370,12.357,276.906,24.744,59.7719,472921.8055,27,280,7,0.085987261,0.891719745,0.022292994
3/6/2021,302,320,2055,9.752,270.145,22.094,49.7539,530623.1863,18,278,6,0.059602649,0.920529801,0.01986755
4/6/2021,483,410,3261,27.314,416.458,39.229,49.4812,555817.0269,14,459,10,0.028985507,0.950310559,0.020703934
5/6/2021,461,611,5153,23.767,401.348,35.893,51.2708,-138575.45,32,411,18,0.069414317,0.89154013,0.039045553
6/6/2021,438,726,4784,22.451,379.649,35.902,63.8421,1679133.755,28,397,13,0.063926941,0.906392694,0.029680365
7/6/2021,422,423,2891,21.488,369.356,31.167,45.282,-316883.689,21,389,12,0.049763033,0.921800948,0.028436019
8/6/2021,593,2240,12302,31.592,514.175,47.226,73.7979,2400966.778,31,541,21,0.05227656,0.912310287,0.035413153
9/6/2021,576,846,5722,26.24,498.619,51.129,109.4387,2837386.763,49,509,18,0.085069444,0.883680556,0.03125
10/6/2021,436,488,2106,23.013,377.44,35.544,58.4426,1525976.231,36,387,13,0.082568807,0.887614679,0.029816514
11/6/2021,379,473,3157,14.676,334.866,29.458,64.8723,-677725.6327,26,345,8,0.068601583,0.910290237,0.021108179
12/6/2021,293,132,1794,9.959,261.121,21.925,49.8134,552456.486,18,263,12,0.061433447,0.897610922,0.040955631
13/6/2021,371,454,4442,16.62,325.492,28.884,56.7625,-3092773.055,27,332,12,0.07277628,0.894878706,0.032345013
14/6/2021,398,435,2445,17.351,350.901,29.747,55.903,531019.1512,24,362,12,0.060301508,0.909547739,0.030150754
15/6/2021,320,241,1445,13.708,284.627,21.654,40.2803,158748.9782,15,297,8,0.046875,0.928125,0.025
16/6/2021,319,477,2119,13.119,278.741,27.145,61.6244,2046525.002,17,291,11,0.053291536,0.912225705,0.034482759
17/6/2021,348,332,2516,15.157,304.982,27.854,56.5062,1947639.695,18,317,13,0.051724138,0.91091954,0.037356322
18/6/2021,308,1670,2387,13.339,271.333,23.333,46.5878,814564.9347,14,284,10,0.045454545,0.922077922,0.032467532
19/6/2021,289,138,1009,11.038,257.561,20.393,44.9753,315124.4433,20,266,3,0.069204152,0.920415225,0.010380623
20/6/2021,333,236,2249,15.234,294.223,23.543,36.2332,-686038.7092,17,306,10,0.051051051,0.918918919,0.03003003
21/6/2021,471,343,2917,28.043,409.579,33.382,35.2107,290927.6777,29,415,27,0.061571125,0.881104034,0.057324841
22/6/2021,492,416,2726,27.24,428.194,36.552,52.0707,615897.8933,34,447,11,0.069105691,0.908536585,0.022357724
23/6/2021,338,451,4469,15.436,298.353,24.206,45.8429,655310.7721,19,311,8,0.056213018,0.920118343,0.023668639
24/6/2021,293,132,1089,12.891,260.339,19.768,36.1947,519598.5158,15,269,9,0.051194539,0.918088737,0.030716724
25/6/2021,376,259,1649,16.014,330.295,29.693,68.2165,411016.9874,16,351,9,0.042553191,0.933510638,0.02393617
26/6/2021,319,162,1063,15.144,282.797,21.056,34.2375,324599.9529,10,295,14,0.031347962,0.92476489,0.043887147
27/6/2021,301,109,1061,12.03,269.475,19.494,38.0788,701390.2415,18,278,5,0.059800664,0.92358804,0.016611296
28/6/2021,321,397,1904,12.928,282.896,25.173,56.537,1671781.789,19,297,5,0.059190031,0.925233645,0.015576324
29/6/2021,304,188,1387,12.127,267.888,23.989,60.0053,606573.8718,12,280,12,0.039473684,0.921052632,0.039473684
30/6/2021,278,164,1578,11.397,248.061,18.545,28.7472,357916.2509,14,254,10,0.050359712,0.913669065,0.035971223
1/7/2021,305,156,1184,10.666,272.497,21.835,48.5427,-58055.4494,15,282,8,0.049180328,0.924590164,0.026229508
2/7/2021,310,363,2122,15.929,273.314,20.759,27.3978,380469.8485,10,293,7,0.032258065,0.94516129,0.022580645
3/7/2021,234,69,925,12.21,202.574,19.214,37.002,299351.5636,13,213,8,0.055555556,0.91025641,0.034188034
4/7/2021,219,53,536,8.319,195.286,15.393,38.6875,211133.5413,10,206,3,0.0456621,0.940639269,0.01369863
5/7/2021,242,72,643,10.418,215.89,15.69,28.2151,58237.06,12,222,8,0.049586777,0.917355372,0.033057851
6/7/2021,279,207,2029,13.64,243.26,22.101,40.4906,1407969.477,16,256,7,0.05734767,0.917562724,0.025089606
7/7/2021,238,329,2790,9.63,208.753,19.616,40.7632,2012978.775,16,216,6,0.067226891,0.907563025,0.025210084
8/7/2021,290,240,1580,13.493,256.371,20.137,29.5807,240007.7977,10,271,9,0.034482759,0.934482759,0.031034483
9/7/2021,273,502,2084,10.563,242.795,19.637,43.2123,-200945.6322,16,255,2,0.058608059,0.934065934,0.007326007
10/7/2021,220,93,517,6.931,197.479,15.592,36.733,328639.1616,9,209,2,0.040909091,0.95,0.009090909
11/7/2021,223,1700,3670,10.163,198.395,14.444,23.548,4043958.22,13,205,5,0.058295964,0.919282511,0.022421525
12/7/2021,244,137,843,11.85,216.63,15.521,18.8936,89198.0704,10,222,12,0.040983607,0.909836066,0.049180328
13/7/2021,238,180,1316,9.867,212.663,15.472,21.3484,536950.4124,14,217,7,0.058823529,0.911764706,0.029411765
14/7/2021,271,500,3361,11.469,238.562,20.967,41.5958,1549013.786,18,245,8,0.066420664,0.904059041,0.029520295
15/7/2021,270,165,1277,14.089,236.12,19.785,31.0872,397789.4948,16,240,14,0.059259259,0.888888889,0.051851852
16/7/2021,245,100,744,10.85,217.765,16.387,28.8451,2190672.649,11,225,9,0.044897959,0.918367347,0.036734694
17/7/2021,233,114,878,10.11,209.143,13.748,17.1194,117330.9955,5,214,14,0.021459227,0.918454936,0.060085837
18/7/2021,234,120,765,9.135,208.628,16.238,37.1574,-123615.7871,14,218,2,0.05982906,0.931623932,0.008547009
19/7/2021,307,220,1457,13.066,272.961,20.969,32.2763,630287.3302,18,282,7,0.058631922,0.918566775,0.022801303
20/7/2021,335,180,1501,15.775,297.186,22.038,34.4402,806549.1892,20,300,15,0.059701493,0.895522388,0.044776119
21/7/2021,328,281,2155,14.12,287.698,26.187,52.6902,197819.1279,19,299,10,0.057926829,0.911585366,0.030487805
22/7/2021,273,308,2045,10.885,242.282,19.824,39.4427,2229209.813,9,258,6,0.032967033,0.945054945,0.021978022
23/7/2021,251,143,956,9.761,221.489,19.757,49.3594,-169522.4532,19,225,7,0.075697211,0.896414343,0.027888446
24/7/2021,227,57,378,8.821,204.266,13.912,23.1845,70891.2553,15,212,0,0.066079295,0.933920705,0
25/7/2021,246,648,4058,8.976,220.239,16.784,38.7504,980296.6795,16,224,6,0.06504065,0.910569106,0.024390244
26/7/2021,404,685,4578,16.907,357.343,29.745,59.5953,2454740.646,26,371,7,0.064356436,0.918316832,0.017326733
27/7/2021,307,1401,7463,12.983,272.418,21.605,37.1505,-3566757.982,19,278,10,0.061889251,0.905537459,0.03257329
28/7/2021,295,346,2540,14.159,259.785,21.058,32.3491,266041.9333,27,258,10,0.091525424,0.874576271,0.033898305
29/7/2021,257,218,2470,7.697,232.221,17.084,38.3733,479624.6563,16,238,3,0.062256809,0.926070039,0.011673152
30/7/2021,227,106,1129,7.253,204.829,14.919,37.7207,260903.5211,12,212,3,0.052863436,0.933920705,0.013215859
31/7/2021,236,87,1136,9.576,211.8,14.623,18.4745,567291.6265,8,221,7,0.033898305,0.936440678,0.029661017
1/8/2021,338,125,623,8.129,313.267,16.611,36.2088,204563.0104,8,327,3,0.023668639,0.967455621,0.00887574
2/8/2021,223,121,843,8.155,202.015,12.829,25.2182,291534.7478,11,207,5,0.049327354,0.928251121,0.022421525
3/8/2021,251,203,1037,8.344,226.943,15.711,33.8971,479422.3516,18,228,5,0.071713147,0.908366534,0.019920319
4/8/2021,221,458,4320,6.542,201.007,13.456,30.8818,-201556.4501,9,209,3,0.040723982,0.945701357,0.013574661
5/8/2021,221,763,1149,10.121,196.549,14.322,18.6658,1454513.76,14,202,5,0.063348416,0.914027149,0.022624434
6/8/2021,203,222,1449,9.906,179.842,13.254,13.3465,303716.2536,12,188,3,0.0591133,0.926108374,0.014778325
7/8/2021,215,90,599,7.638,192.199,15.163,38.6825,-83310.4036,16,197,2,0.074418605,0.91627907,0.009302326
8/8/2021,197,133,995,8.325,174.986,13.692,20.9115,81331.4675,8,185,4,0.040609137,0.939086294,0.020304569
9/8/2021,253,155,1170,9.858,228.065,15.077,26.3922,45747.1931,16,232,5,0.063241107,0.916996047,0.019762846
10/8/2021,230,90,768,8.539,205.687,15.776,33.0972,96420.7796,18,206,6,0.07826087,0.895652174,0.026086957
11/8/2021,194,1068,2119,6.014,175.956,12.026,26.9383,11260.0066,8,185,1,0.041237113,0.953608247,0.005154639
12/8/2021,243,451,2047,7.711,219.054,16.228,40.2704,197578.1695,16,222,5,0.065843621,0.913580247,0.020576132
13/8/2021,239,295,1720,8.215,215.185,15.604,31.7237,1435252.466,14,223,2,0.058577406,0.933054393,0.008368201
14/8/2021,225,242,1731,8.497,202.493,14.007,26.6472,433997.0341,7,212,6,0.031111111,0.942222222,0.026666667
15/8/2021,195,180,2144,6.261,176.104,12.634,29.3895,1002045.034,7,182,6,0.035897436,0.933333333,0.030769231
16/8/2021,248,168,1074,7.988,226.207,13.804,30.4024,143008.6036,16,227,5,0.064516129,0.915322581,0.02016129
17/8/2021,211,351,2795,8.007,189.015,13.976,25.7691,920626.4642,10,196,5,0.047393365,0.928909953,0.023696682
18/8/2021,233,214,1849,7.626,208.834,16.54,37.816,3684706.799,12,216,5,0.051502146,0.927038627,0.021459227
19/8/2021,206,189,1094,6.746,187.419,11.837,22.6078,708374.2963,8,192,6,0.038834951,0.932038835,0.029126214
20/8/2021,212,171,654,6.539,192.032,13.43,33.4796,1244518.929,13,195,4,0.061320755,0.919811321,0.018867925
21/8/2021,211,441,2020,6.276,192.946,11.778,25.6201,445752.4476,10,197,4,0.047393365,0.933649289,0.018957346
22/8/2021,185,669,6699,7.011,166.914,11.083,16.1891,2216803.792,5,177,3,0.027027027,0.956756757,0.016216216
23/8/2021,233,804,3726,6.66,211.603,14.74,35.034,1134060.493,15,216,2,0.064377682,0.927038627,0.008583691
24/8/2021,245,296,1603,8.048,220.859,16.094,37.8314,1571022.986,4,236,5,0.016326531,0.963265306,0.020408163
25/8/2021,258,289,1073,9.935,232.468,15.596,30.3467,66125.5472,19,237,2,0.073643411,0.918604651,0.007751938
26/8/2021,221,213,1094,8.534,199.475,12.988,20.6875,154512.3944,12,205,4,0.054298643,0.92760181,0.018099548
27/8/2021,224,332,1941,7.986,203.482,12.536,21.4355,-794877.3377,15,206,3,0.066964286,0.919642857,0.013392857
28/8/2021,200,199,1374,6.287,181.067,12.645,29.9825,-343862.1968,12,187,1,0.06,0.935,0.005
29/8/2021,183,88,446,3.998,167.372,11.63,32.0307,332619.8829,7,172,4,0.038251366,0.93989071,0.021857923
30/8/2021,230,84,543,11.401,206.998,11.6,8.192,101659.6378,9,218,3,0.039130435,0.947826087,0.013043478
31/8/2021,227,156,692,10.05,203.457,13.483,17.4889,678.5419,5,215,7,0.022026432,0.947136564,0.030837004
1/9/2021,198,145,958,7.366,177.099,13.536,28.9043,-58120.3332,8,185,5,0.04040404,0.934343434,0.025252525
2/9/2021,232,362,1269,8.393,207.158,16.441,38.3877,87789.4132,15,210,7,0.064655172,0.905172414,0.030172414
3/9/2021,261,186,1084,10.06,235.184,15.755,28.2059,-587522.3904,10,247,4,0.038314176,0.946360153,0.01532567
4/9/2021,209,131,868,7.015,188.345,13.637,29.1473,124632.8382,5,198,6,0.023923445,0.947368421,0.028708134
5/9/2021,241,124,1361,9.767,218.032,13.195,23.5359,144183.9412,11,228,2,0.045643154,0.946058091,0.008298755
6/9/2021,275,470,2552,8.368,247.322,19.314,48.6758,372187.9143,12,260,3,0.043636364,0.945454545,0.010909091
7/9/2021,413,1080,9923,19.841,364.951,28.214,40.0347,6467067.324,20,377,16,0.04842615,0.91283293,0.03874092
8/9/2021,335,235,1721,12.646,299.502,22.851,43.2019,4177905.032,19,307,9,0.056716418,0.91641791,0.026865672
9/9/2021,286,269,992,12.477,256.036,17.482,24.3369,637188.1324,11,270,5,0.038461538,0.944055944,0.017482517
10/9/2021,274,166,1261,11.349,243.595,19.06,37.5137,289930.0198,18,249,7,0.065693431,0.908759124,0.025547445
11/9/2021,233,276,1389,8.748,208.482,15.774,31.4037,118275.3911,9,220,4,0.038626609,0.944206009,0.017167382
12/9/2021,214,323,1877,7.457,192.859,13.68,26.6765,-298622.0873,17,195,2,0.079439252,0.911214953,0.009345794
13/9/2021,301,1005,5585,12.539,268.646,19.806,35.3349,326605.1066,31,263,7,0.102990033,0.873754153,0.023255814
14/9/2021,375,403,2984,23.486,331.853,19.652,13.1831,856274.4463,27,345,3,0.072,0.92,0.008
15/9/2021,279,243,1084,11.119,249.56,18.313,41.4482,-7300.271,21,251,7,0.075268817,0.899641577,0.025089606
16/9/2021,232,91,829,7.649,207.747,16.597,40.2094,-50172.1656,11,217,4,0.047413793,0.935344828,0.017241379
17/9/2021,228,237,1191,8.506,205.377,14.12,24.5757,3355834.702,7,216,5,0.030701754,0.947368421,0.021929825
18/9/2021,228,318,2022,7.259,206.956,13.785,26.932,-521010.4615,12,209,7,0.052631579,0.916666667,0.030701754
19/9/2021,213,121,1134,6.446,194.898,11.657,25.9141,53328.3837,9,201,3,0.042253521,0.943661972,0.014084507
20/9/2021,322,205,1565,18.258,284.677,19.062,11.0952,-224600.8897,20,290,12,0.062111801,0.900621118,0.037267081
21/9/2021,324,216,1663,13.627,290.475,19.897,36.1387,1129967.662,22,291,11,0.067901235,0.898148148,0.033950617
22/9/2021,250,158,1028,8.484,224.6,16.913,39.1173,164258.4368,21,222,7,0.084,0.888,0.028
23/9/2021,268,147,1489,7.349,245.345,15.306,37.7228,1512167.662,15,248,5,0.055970149,0.925373134,0.018656716
24/9/2021,317,1329,7513,18.94,278.371,19.697,7.0323,1980985.453,13,297,7,0.041009464,0.936908517,0.022082019
25/9/2021,262,508,5456,9.999,235.592,16.403,33.1489,1234339.532,10,242,10,0.038167939,0.923664122,0.038167939
26/9/2021,238,225,1370,9.792,211.436,16.769,31.5344,930879.3694,12,221,5,0.050420168,0.928571429,0.021008403
27/9/2021,260,1288,7977,9.279,231.292,19.428,47.446,-1087404.295,16,239,5,0.061538462,0.919230769,0.019230769
28/9/2021,308,315,2919,10.41,276.75,20.835,44.8669,780751.8274,17,283,8,0.055194805,0.918831169,0.025974026
29/9/2021,271,398,3189,9.651,245.491,15.865,27.4725,743419.4736,11,250,10,0.040590406,0.922509225,0.036900369
30/9/2021,276,201,1123,13.253,246.196,16.548,17.5841,446733.6959,10,257,9,0.036231884,0.93115942,0.032608696
1/10/2021,286,1635,8438,10.507,259.17,16.326,26.5853,-1781894.107,13,267,6,0.045454545,0.933566434,0.020979021
2/10/2021,236,384,2921,8.194,211.777,16.032,36.0043,413799.1153,13,219,4,0.055084746,0.927966102,0.016949153
3/10/2021,230,122,991,8.618,206.355,15.03,31.714,-85909.0527,10,215,5,0.043478261,0.934782609,0.02173913
4/10/2021,285,598,1832,9.413,258.031,17.556,37.4841,369483.1112,19,262,4,0.066666667,0.919298246,0.014035088
5/10/2021,327,360,1954,12.39,291.789,22.823,44.337,1013363.386,13,307,7,0.039755352,0.93883792,0.021406728
6/10/2021,436,394,2115,20.857,392.71,22.432,-6.406,222557.618,22,354,60,0.050458716,0.811926606,0.137614679
7/10/2021,290,304,2345,9.252,262.581,18.166,41.1045,-339918.6779,14,271,5,0.048275862,0.934482759,0.017241379
8/10/2021,254,938,3739,9.736,226.99,17.276,32.1131,1005040.838,9,240,5,0.035433071,0.94488189,0.019685039
9/10/2021,307,65,719,10.211,279.802,16.979,30.9142,243595.0249,9,291,7,0.029315961,0.947882736,0.022801303
10/10/2021,228,197,1461,9.777,205.684,12.54,15.6605,512713.5298,14,209,5,0.061403509,0.916666667,0.021929825
11/10/2021,293,336,3048,11.699,261.602,19.694,35.4092,551439.4042,14,271,8,0.04778157,0.924914676,0.027303754
12/10/2021,310,312,2184,11.691,279.187,19.111,30.4754,802950.1879,13,286,11,0.041935484,0.922580645,0.035483871
13/10/2021,305,199,1278,7.697,279.768,17.533,42.5781,600309.0197,12,292,1,0.039344262,0.957377049,0.003278689
14/10/2021,295,197,1164,9.163,268.072,17.766,44.6868,610730.8851,16,269,10,0.054237288,0.911864407,0.033898305
15/10/2021,418,998,7029,17.767,368.692,31.534,62.7854,5315316.681,25,389,4,0.059808612,0.93062201,0.009569378
16/10/2021,263,147,1184,8.081,237.416,17.505,38.8999,297566.2145,22,234,7,0.08365019,0.88973384,0.02661597
17/10/2021,322,99,960,11.775,290.176,20.048,34.3679,-111508.4709,14,302,6,0.043478261,0.937888199,0.01863354
18/10/2021,328,393,2772,12.983,293.724,21.29,38.0962,221510.3558,21,299,8,0.06402439,0.911585366,0.024390244
19/10/2021,392,405,4079,14.319,348.009,29.666,60.6369,833801.3335,34,347,11,0.086734694,0.885204082,0.028061224
20/10/2021,443,609,2958,18.78,396.601,27.612,41.5791,263066.1723,24,412,7,0.054176072,0.930022573,0.015801354
21/10/2021,347,356,2173,15.42,307.849,23.735,42.5213,583925.7075,17,322,8,0.048991354,0.92795389,0.023054755
22/10/2021,291,205,1389,10.005,263.807,17.193,34.9904,751938.3941,14,272,5,0.048109966,0.934707904,0.017182131
23/10/2021,221,168,759,6.876,198.625,15.487,32.12,210623.7414,14,204,3,0.063348416,0.923076923,0.013574661
24/10/2021,223,119,1096,9.115,199.546,14.339,21.1503,-15981.5136,10,203,10,0.044843049,0.910313901,0.044843049
25/10/2021,283,271,1267,8.628,253.582,20.791,51.4922,391177.1399,19,261,3,0.067137809,0.922261484,0.010600707
26/10/2021,293,380,2868,9.064,263.105,20.826,52.1734,292212.0108,23,267,3,0.078498294,0.911262799,0.010238908
27/10/2021,312,305,2094,11.822,276.941,23.237,44.9792,215067.46,13,291,8,0.041666667,0.932692308,0.025641026
28/10/2021,291,985,3582,10.602,258.913,21.484,45.1012,-1736680.152,16,270,5,0.054982818,0.927835052,0.017182131
29/10/2021,224,405,1985,6.943,201.553,15.512,40.0766,200627.1446,9,213,2,0.040178571,0.950892857,0.008928571
30/10/2021,215,166,1036,6.45,195.417,13.135,29.229,572886.0302,7,206,2,0.03255814,0.958139535,0.009302326
31/10/2021,217,131,1327,5.706,196.434,14.865,38.1833,319082.2779,11,199,7,0.050691244,0.917050691,0.032258065
1/11/2021,246,381,2551,6.484,219.64,19.872,53.8595,66026.5204,12,229,5,0.048780488,0.930894309,0.020325203
2/11/2021,272,297,1544,9.977,242.73,19.295,40.3224,548999.309,14,252,6,0.051470588,0.926470588,0.022058824
3/11/2021,230,167,931,7.188,207.257,15.557,36.1806,222689.5029,15,213,2,0.065217391,0.926086957,0.008695652
4/11/2021,250,223,1932,9.012,224.492,16.5,34.1895,874643.9557,10,233,7,0.04,0.932,0.028
5/11/2021,242,177,1549,8.237,217.36,16.403,37.9177,575151.5765,13,226,3,0.053719008,0.933884298,0.012396694
6/11/2021,217,143,961,6.192,199.064,11.75,24.6717,-253059.7356,7,207,3,0.032258065,0.953917051,0.013824885
7/11/2021,236,463,5201,6.296,212.915,16.796,44.4175,120547.8123,15,220,1,0.063559322,0.93220339,0.004237288
8/11/2021,261,321,2426,8.867,232.999,19.126,48.7033,646118.9179,14,245,2,0.053639847,0.938697318,0.007662835
9/11/2021,325,225,1886,10.031,292.868,22.102,52.1267,108730.034,19,299,7,0.058461538,0.92,0.021538462
10/11/2021,310,301,1494,11.405,277.27,21.323,45.0947,444987.5739,16,291,3,0.051612903,0.938709677,0.009677419
11/11/2021,283,362,1205,12.459,253.137,17.398,25.4672,-26497.4668,14,263,6,0.049469965,0.929328622,0.021201413
12/11/2021,349,363,3167,13.116,315.424,20.461,38.1227,89925.9471,16,323,10,0.045845272,0.925501433,0.028653295
13/11/2021,243,315,1764,9.135,217.754,16.11,26.6362,-1321548.973,12,228,3,0.049382716,0.938271605,0.012345679
14/11/2021,269,245,1855,11.558,239.407,18.028,32.3939,276763.8084,11,253,5,0.040892193,0.940520446,0.018587361
15/11/2021,265,365,1916,6.643,240.731,17.625,47.5936,101554.382,14,247,4,0.052830189,0.932075472,0.01509434
16/11/2021,380,665,2243,15.146,339.53,25.32,49.5808,586828.0378,23,346,11,0.060526316,0.910526316,0.028947368
17/11/2021,334,385,3054,13.802,296.752,23.448,42.9246,1113277.729,20,308,6,0.05988024,0.922155689,0.017964072
18/11/2021,355,976,9883,16.019,315.449,23.544,36.1192,1763205.831,16,332,7,0.045070423,0.935211268,0.01971831
19/11/2021,368,800,4856,15.74,329.788,22.474,35.5193,308037.402,15,348,5,0.04076087,0.945652174,0.013586957
20/11/2021,274,115,803,10.193,245.025,18.783,37.611,595264.1654,13,259,2,0.047445255,0.945255474,0.00729927
21/11/2021,233,331,1790,9.535,209.694,13.766,19.9689,83732.2803,9,217,7,0.038626609,0.931330472,0.030042918
22/11/2021,314,385,3242,13.42,282.892,17.691,21.9457,2693404.461,16,292,6,0.050955414,0.929936306,0.01910828
23/11/2021,254,175,1064,9.713,226.01,18.275,42.0163,1566977.269,10,237,7,0.039370079,0.933070866,0.027559055
24/11/2021,290,433,3195,9.529,258.217,22.264,53.1314,1541394.175,24,262,4,0.082758621,0.903448276,0.013793103
25/11/2021,257,149,1259,8.123,229.838,19.037,41.9437,475130.7664,20,229,8,0.077821012,0.891050584,0.031128405
26/11/2021,293,437,4652,12.326,260.77,19.898,34.5489,145386.9273,22,263,8,0.075085324,0.897610922,0.027303754
27/11/2021,271,161,976,8.102,244.61,18.286,42.9048,387875.5733,10,255,6,0.036900369,0.94095941,0.022140221
28/11/2021,265,501,3264,9.74,239.782,15.477,27.0685,432216.5501,8,253,4,0.030188679,0.954716981,0.01509434
29/11/2021,272,1162,8439,8.391,244.662,18.95,47.9633,4816969.838,16,251,5,0.058823529,0.922794118,0.018382353
30/11/2021,301,317,2018,10.745,270.478,19.779,37.4343,201988.8286,17,280,4,0.056478405,0.930232558,0.013289037
1/12/2021,275,142,811,9.204,244.957,20.836,51.6932,340848.2821,10,259,6,0.036363636,0.941818182,0.021818182
2/12/2021,290,279,1942,13.03,258.078,18.89,37.2739,346376.582,10,274,6,0.034482759,0.944827586,0.020689655
3/12/2021,308,168,1171,11.952,276.379,19.664,39.9578,495507.6496,18,288,2,0.058441558,0.935064935,0.006493506
4/12/2021,466,207,1872,22.139,413.178,30.687,35.9712,366376.7453,18,429,19,0.038626609,0.920600858,0.040772532
5/12/2021,302,1796,2322,11.067,270.831,20.1,47.4896,1817394.659,23,274,5,0.07615894,0.907284768,0.016556291
6/12/2021,360,1304,2601,16.739,320.477,22.793,30.1377,763257.3196,20,323,17,0.055555556,0.897222222,0.047222222
7/12/2021,279,212,1808,10.914,248.541,19.548,39.1498,599939.6657,17,253,9,0.0609319,0.906810036,0.032258065
8/12/2021,266,673,5004,11.971,236.88,17.146,21.4806,-842397.246,13,246,7,0.04887218,0.92481203,0.026315789
9/12/2021,244,179,1174,10.481,218.107,15.415,28.2568,605715.4588,13,225,6,0.053278689,0.922131148,0.024590164
10/12/2021,274,448,3460,11.657,244.622,17.722,27.3899,1032851.294,9,259,6,0.032846715,0.945255474,0.02189781
11/12/2021,212,104,946,7.873,190.439,13.686,24.0406,-18606.5848,13,192,7,0.061320755,0.905660377,0.033018868
12/12/2021,209,637,2277,6.661,188.826,13.508,30.9221,864156.6938,8,198,3,0.038277512,0.947368421,0.014354067
13/12/2021,332,704,4346,16.72,293.026,22.253,27.523,1024117.078,11,310,11,0.03313253,0.93373494,0.03313253
14/12/2021,306,552,2688,14.183,273.07,18.749,21.1483,374836.7401,14,287,5,0.045751634,0.937908497,0.016339869
15/12/2021,287,222,1757,10.764,257.461,18.769,40.5877,173340.7185,17,263,7,0.059233449,0.916376307,0.024390244
16/12/2021,210,230,1898,7.304,189.48,13.211,29.5684,312110.6871,6,193,11,0.028571429,0.919047619,0.052380952
17/12/2021,279,249,2497,12.315,250.812,15.874,18.6092,154986.2953,12,262,5,0.043010753,0.9390681,0.017921147
18/12/2021,247,160,1173,9.693,219.571,17.73,33.8617,88740.4826,13,229,5,0.052631579,0.927125506,0.020242915
19/12/2021,231,93,1117,9.676,205.794,15.529,22.2801,796469.2614,14,211,6,0.060606061,0.913419913,0.025974026
20/12/2021,258,265,1661,11.538,229.981,16.485,21.1058,394733.3341,17,231,10,0.065891473,0.895348837,0.03875969
21/12/2021,306,495,2798,11.547,275.818,18.635,35.1548,8077249.974,14,286,6,0.045751634,0.934640523,0.019607843
22/12/2021,265,5036,18983,10.456,233.173,21.371,44.8742,74376966.58,12,248,5,0.045283019,0.935849057,0.018867925
23/12/2021,253,272,1574,9.913,225.597,17.49,30.9526,-431469.567,8,239,6,0.031620553,0.944664032,0.023715415
24/12/2021,226,114,879,6.906,202.559,16.537,40.8296,791196.6309,14,208,4,0.061946903,0.920353982,0.017699115
25/12/2021,225,130,793,6.482,201.709,16.81,45.3607,4997960.369,6,217,2,0.026666667,0.964444444,0.008888889
26/12/2021,206,49,473,8.023,184.005,13.968,31.7615,99220.3089,11,194,1,0.053398058,0.941747573,0.004854369
27/12/2021,231,41,507,7.901,207.812,15.289,31.911,220616.2518,11,213,7,0.047619048,0.922077922,0.03030303
28/12/2021,280,154,1033,13.108,246.628,20.266,28.796,543086.2725,18,256,6,0.064285714,0.914285714,0.021428571
29/12/2021,283,261,1911,12.282,250.725,19.989,33.8609,185634.8573,18,251,14,0.06360424,0.886925795,0.049469965
30/12/2021,292,288,2887,13.629,258.304,20.065,31.8899,298146.7415,19,266,7,0.065068493,0.910958904,0.023972603
31/12/2021,216,310,2421,9.703,190.558,15.739,28.4082,215866.9965,17,190,9,0.078703704,0.87962963,0.041666667
1/1/2022,194,233,1336,6.058,175.121,12.825,31.7497,336748.1529,6,184,4,0.030927835,0.948453608,0.020618557
2/1/2022,229,704,4159,8.048,207.468,13.477,27.3568,2582097.408,8,213,8,0.034934498,0.930131004,0.034934498
3/1/2022,284,341,1690,11.281,251.565,21.153,41.4545,2917370.13,20,255,9,0.070422535,0.897887324,0.031690141
4/1/2022,253,305,1603,11.315,225.818,15.861,21.1986,-224844.9408,10,237,6,0.039525692,0.936758893,0.023715415
5/1/2022,361,284,2674,18.645,317.179,25.179,29.1253,443694.2052,21,329,11,0.058171745,0.911357341,0.030470914
6/1/2022,412,294,2701,21.183,361.766,29.049,36.4418,189310.6595,24,375,13,0.058252427,0.910194175,0.031553398
7/1/2022,393,446,2784,21.361,344.679,26.97,32.4749,772059.6996,31,341,21,0.078880407,0.867684478,0.053435115
8/1/2022,351,279,2696,17.799,308.983,24.219,34.4243,796660.0991,26,313,12,0.074074074,0.891737892,0.034188034
9/1/2022,280,247,1558,12.288,248.882,18.834,27.548,152349.5502,20,247,13,0.071428571,0.882142857,0.046428571
10/1/2022,347,262,2453,20.675,302.444,23.875,21.0399,183075.8481,22,310,15,0.063400576,0.893371758,0.043227666
11/1/2022,286,524,2394,13.393,253.862,18.736,24.0174,25738.3859,15,270,1,0.052447552,0.944055944,0.003496503
12/1/2022,315,125,1013,18.389,277.142,19.48,13.2279,33715.3067,19,288,8,0.06031746,0.914285714,0.025396825
13/1/2022,305,236,1254,14.251,268.869,21.878,34.0691,1601454.393,18,278,9,0.059016393,0.91147541,0.029508197
14/1/2022,264,293,1257,14.095,232.07,17.827,21.1288,787843.8235,25,230,9,0.09469697,0.871212121,0.034090909
15/1/2022,244,878,4495,8.496,219.563,15.939,29.2808,1568594.128,15,225,4,0.06147541,0.922131148,0.016393443
16/1/2022,223,220,1437,10.134,197.894,14.973,24.4418,92712.4429,16,197,10,0.071748879,0.883408072,0.044843049
17/1/2022,264,187,1291,13.32,232.885,17.799,19.5763,154370.1059,18,236,10,0.068181818,0.893939394,0.037878788
18/1/2022,293,138,1001,14.499,258.091,20.413,32.0579,-22151.0048,19,265,9,0.064846416,0.90443686,0.030716724
19/1/2022,279,238,3189,12.746,247.301,18.949,24.8374,608350.2878,20,250,9,0.071684588,0.896057348,0.032258065
20/1/2022,317,1620,8339,17.698,276.349,22.962,20.1201,8689370.215,19,287,11,0.059936909,0.905362776,0.034700315
21/1/2022,470,1139,9860,28.078,411.384,30.536,11.0293,-155116.5458,25,416,29,0.053191489,0.885106383,0.061702128
22/1/2022,390,216,1785,19.361,342.057,28.575,37.7252,553627.3515,30,345,15,0.076923077,0.884615385,0.038461538
23/1/2022,331,445,2124,20.189,284.587,26.225,29.9173,2929496.559,19,298,14,0.057401813,0.900302115,0.042296073
24/1/2022,411,495,3172,23.631,355.379,31.992,38.4643,438648.3071,29,368,14,0.070559611,0.895377129,0.03406326
25/1/2022,336,285,2573,17.622,294.373,24.012,27.4411,-570461.7082,25,301,10,0.074404762,0.895833333,0.029761905
26/1/2022,388,591,3489,23.539,334.552,29.92,27.3461,144573.7235,22,348,18,0.056701031,0.896907216,0.046391753
27/1/2022,269,400,1447,14.142,234.695,20.153,23.1933,-699573.8097,24,235,10,0.089219331,0.873605948,0.037174721
28/1/2022,310,233,2050,16.662,270.991,22.35,28.2491,606882.7976,12,285,13,0.038709677,0.919354839,0.041935484
29/1/2022,263,204,1075,12.131,232.691,18.18,26.018,103618.0085,13,245,5,0.049429658,0.931558935,0.019011407
30/1/2022,240,2962,8532,10.565,211.839,17.59,28.8408,11185.1034,14,219,7,0.058333333,0.9125,0.029166667
31/1/2022,265,183,1274,11.893,234.433,18.673,33.7617,411224.4702,14,245,6,0.052830189,0.924528302,0.022641509
1/2/2022,317,340,2560,16.852,274.973,25.172,38.6866,126317.916,27,284,6,0.085173502,0.895899054,0.018927445
2/2/2022,281,412,3224,11.626,247.795,21.573,42.8548,2308082.438,13,253,15,0.046263345,0.900355872,0.053380783
3/2/2022,292,226,1798,15.284,256.898,19.825,23.3651,521978.0444,16,258,18,0.054794521,0.883561644,0.061643836
4/2/2022,351,2279,8529,19.25,302.664,29.09,45.0838,4887659.63,27,315,9,0.076923077,0.897435897,0.025641026
5/2/2022,298,305,1702,16.296,258.89,22.805,29.8486,1178242.609,11,280,7,0.036912752,0.939597315,0.023489933
6/2/2022,279,102,1262,14.167,244.728,20.102,27.3993,213779.9812,11,263,5,0.039426523,0.94265233,0.017921147
7/2/2022,316,330,2968,14.601,276.207,25.189,48.3548,686834.4953,21,292,3,0.066455696,0.924050633,0.009493671
8/2/2022,315,483,4720,13.537,280.342,21.119,33.5105,-288369.6074,39,273,3,0.123809524,0.866666667,0.00952381
9/2/2022,346,306,2108,18.361,296.725,30.905,47.4448,597754.8932,20,318,8,0.057803468,0.919075145,0.023121387
10/2/2022,288,200,1794,14.072,254.45,19.476,26.4759,-1756485.893,20,262,6,0.069444444,0.909722222,0.020833333
11/2/2022,280,310,1716,13.875,244.896,21.225,32.0439,1756102.148,17,256,7,0.060714286,0.914285714,0.025
12/2/2022,223,344,1933,11.483,194.203,17.32,24.1737,2148265.59,7,211,5,0.031390135,0.946188341,0.022421525
13/2/2022,207,142,1277,8.531,180.875,17.59,36.4791,464843.2968,15,184,8,0.072463768,0.888888889,0.038647343
14/2/2022,261,162,1167,13.629,230.075,17.301,20.1793,522552.6222,10,242,9,0.038314176,0.927203065,0.034482759
15/2/2022,290,212,1351,13.837,254.862,21.306,34.9898,315792.9493,21,261,8,0.072413793,0.9,0.027586207
16/2/2022,259,190,995,11.901,227.595,19.502,34.1913,409940.817,22,226,11,0.084942085,0.872586873,0.042471042
17/2/2022,348,244,1473,21.508,300.701,25.787,16.642,289569.7367,21,309,18,0.060344828,0.887931034,0.051724138
18/2/2022,284,224,2018,16.127,245.933,21.943,29.619,2056028.428,18,257,9,0.063380282,0.904929577,0.031690141
19/2/2022,229,322,4922,11.018,202.529,15.454,27.0324,1199581.95,9,212,8,0.03930131,0.925764192,0.034934498
20/2/2022,268,193,1298,13.666,236.127,18.206,23.0916,-214490.2618,9,248,11,0.03358209,0.925373134,0.041044776
21/2/2022,295,521,3127,23.372,250.614,21.013,8.0238,-960060.7862,24,263,8,0.081355932,0.891525424,0.027118644
22/2/2022,316,241,1598,15.908,275.645,24.443,37.4046,519674.2403,18,290,8,0.056962025,0.917721519,0.025316456
23/2/2022,276,205,2746,11.812,245.501,18.685,34.3778,-218392.5668,16,252,8,0.057971014,0.913043478,0.028985507
24/2/2022,323,387,2513,19.503,282.614,20.871,10.1244,1386839.379,17,295,11,0.052631579,0.913312693,0.034055728
25/2/2022,289,491,2743,14.56,250.96,23.48,39.2045,2139149.216,16,263,10,0.055363322,0.910034602,0.034602076
26/2/2022,243,119,857,16.031,213.285,13.679,-6.7914,214902.3763,14,222,7,0.057613169,0.913580247,0.028806584
27/2/2022,256,360,3301,13.569,223.271,19.163,27.1347,308822.8604,22,227,7,0.0859375,0.88671875,0.02734375
28/2/2022,266,342,2020,13.779,232.191,20.028,25.7208,-12806.2694,18,240,8,0.067669173,0.902255639,0.030075188
1/3/2022,272,336,2856,13.859,237.409,20.735,29.7115,1235259.652,25,240,7,0.091911765,0.882352941,0.025735294
2/3/2022,250,1161,6928,11.602,219.832,18.563,25.0455,3105097.937,12,231,7,0.048,0.924,0.028
3/3/2022,245,152,908,9.58,218.67,16.743,32.9289,-9408.4319,10,230,5,0.040816327,0.93877551,0.020408163
4/3/2022,272,226,1185,13.341,239.651,19.003,20.884,1548360.625,10,248,14,0.036764706,0.911764706,0.051470588
5/3/2022,276,703,3899,25.773,231.936,18.289,-20.2947,-1043136.043,10,258,8,0.036231884,0.934782609,0.028985507
6/3/2022,234,183,2267,12.927,202.189,18.88,26.8708,225149.9676,15,214,5,0.064102564,0.914529915,0.021367521
7/3/2022,276,273,1681,11.791,242.708,21.495,39.1073,-817117.3999,18,252,6,0.065217391,0.913043478,0.02173913
8/3/2022,282,151,1056,15.138,247.607,19.257,17.212,-148655.0533,14,250,18,0.04964539,0.886524823,0.063829787
9/3/2022,297,325,2211,14.035,262.341,20.614,28.1222,-268767.1554,25,261,11,0.084175084,0.878787879,0.037037037
10/3/2022,287,186,1316,11.096,255.044,20.855,41.886,104708.3425,16,263,8,0.055749129,0.916376307,0.027874564
11/3/2022,279,388,1354,12.24,247.185,19.577,31.6691,587676.6243,10,258,11,0.035842294,0.924731183,0.039426523
12/3/2022,203,518,1448,8.018,181.676,13.305,23.5354,352475.1832,12,190,1,0.0591133,0.935960591,0.004926108
13/3/2022,244,293,4860,10.167,219.15,14.687,21.9785,1275146.615,15,222,7,0.06147541,0.909836066,0.028688525
14/3/2022,252,224,1757,12.307,220.558,19.135,24.1556,-111410.9275,13,231,8,0.051587302,0.916666667,0.031746032
15/3/2022,280,461,2590,12.402,245.401,22.195,36.2629,509811.3149,15,258,7,0.053571429,0.921428571,0.025
16/3/2022,276,376,2135,12.018,242.918,21.06,29.9023,-132317.7588,13,257,6,0.047101449,0.93115942,0.02173913
17/3/2022,241,207,1186,11.414,208.567,21.022,37.5441,742540.1353,18,217,6,0.074688797,0.900414938,0.024896266
18/3/2022,216,685,2459,6.926,194.945,14.124,25.4259,1413529.291,14,195,7,0.064814815,0.902777778,0.032407407
19/3/2022,180,145,829,6.945,160.578,12.475,27.4772,493504.1596,15,162,3,0.083333333,0.9,0.016666667
20/3/2022,188,366,2058,7.203,168.665,12.133,22.6397,-936205.8267,7,177,4,0.037234043,0.941489362,0.021276596
21/3/2022,233,287,2662,8.766,207.712,16.518,35.0319,719442.7502,8,224,1,0.034334764,0.961373391,0.004291845
22/3/2022,236,130,1031,11.167,210.304,14.52,15.0922,488674.9738,6,227,3,0.025423729,0.961864407,0.012711864
23/3/2022,229,677,3843,8.198,203.502,17.305,37.1291,19115.8503,17,208,4,0.074235808,0.908296943,0.017467249
24/3/2022,271,239,1277,13.458,237.076,20.466,32.7039,225673.9807,24,244,3,0.088560886,0.900369004,0.011070111
25/3/2022,237,327,1201,10.672,212.008,14.323,17.7119,311334.2244,16,212,9,0.067510549,0.894514768,0.037974684
26/3/2022,218,256,1925,7.272,194.888,15.842,36.9569,126570.394,13,202,3,0.059633028,0.926605505,0.013761468
27/3/2022,238,228,2194,10.188,210.934,16.875,30.4816,477158.7624,15,216,7,0.06302521,0.907563025,0.029411765
28/3/2022,276,142,1127,10.377,245.868,19.757,40.4336,207541.9964,53,217,6,0.192028986,0.786231884,0.02173913
29/3/2022,276,760,4114,9.528,244.266,22.204,52.0463,2148643.568,24,249,3,0.086956522,0.902173913,0.010869565
30/3/2022,281,1504,5828,10.011,254.724,16.259,28.1213,3925868.729,11,263,7,0.039145907,0.93594306,0.024911032
31/3/2022,280,318,1221,11.422,247.028,21.548,39.6548,354299.3141,21,252,7,0.075,0.9,0.025
1/4/2022,239,391,3027,9.807,212.974,16.225,27.8226,485235.1731,9,224,6,0.037656904,0.937238494,0.025104603
2/4/2022,225,212,1071,9.588,199.896,15.516,24.7201,-321827.8628,8,211,6,0.035555556,0.937777778,0.026666667
3/4/2022,217,149,735,6.527,198.836,11.643,26.0656,407835.4712,11,202,4,0.050691244,0.930875576,0.01843318
4/4/2022,275,143,1094,9.349,249.542,16.116,28.184,319405.8599,12,253,10,0.043636364,0.92,0.036363636
5/4/2022,250,146,1252,10.237,223.596,16.169,24.6001,11937.1012,19,226,5,0.076,0.904,0.02
6/4/2022,290,166,1219,11.867,257.55,20.584,37.2144,178402.9782,15,269,6,0.051724138,0.927586207,0.020689655
7/4/2022,298,171,1373,11.53,264.343,22.131,44.3288,471890.0783,17,279,2,0.05704698,0.936241611,0.006711409
8/4/2022,323,559,4426,17.192,285.042,20.768,21.805,145311.4435,15,298,10,0.046439628,0.922600619,0.030959752
9/4/2022,252,276,1574,8.56,225.512,17.932,38.985,294658.6956,18,230,4,0.071428571,0.912698413,0.015873016
10/4/2022,215,298,1329,9.094,190.989,14.915,29.4548,643878.7569,17,195,3,0.079069767,0.906976744,0.013953488
11/4/2022,294,389,3064,15.599,257.256,21.144,26.4137,-338894.7461,15,270,9,0.051020408,0.918367347,0.030612245
12/4/2022,289,978,3355,17.33,255.429,16.243,4.5156,2993282.668,14,273,2,0.048442907,0.944636678,0.006920415
13/4/2022,250,606,3691,10.538,223.238,16.223,25.1734,469039.0514,23,216,11,0.092,0.864,0.044
14/4/2022,264,563,1714,10.435,237.015,16.553,27.276,830935.7005,15,240,9,0.056818182,0.909090909,0.034090909
15/4/2022,244,164,951,9.982,218.578,15.435,25.6748,246712.075,11,227,6,0.045081967,0.930327869,0.024590164
16/4/2022,209,707,2924,7.053,189.338,12.604,25.9867,105219.7539,10,193,6,0.04784689,0.923444976,0.028708134
17/4/2022,236,179,1483,9.773,210.824,15.395,23.3409,632385.0676,17,214,5,0.072033898,0.906779661,0.021186441
18/4/2022,263,167,919,11.179,236.446,15.377,20.4343,201398.3445,10,248,5,0.038022814,0.942965779,0.019011407
19/4/2022,245,338,1721,10.939,218.519,15.543,24.4147,199812.0999,15,227,3,0.06122449,0.926530612,0.012244898
20/4/2022,239,276,1896,8.779,212.945,17.271,34.059,602288.1818,14,217,8,0.058577406,0.907949791,0.033472803
21/4/2022,279,292,2107,13.731,244.573,20.684,32.0211,324409.5779,26,243,10,0.093189964,0.870967742,0.035842294
22/4/2022,285,754,2186,13.307,253.176,18.523,29.2187,394127.0602,9,271,5,0.031578947,0.950877193,0.01754386
23/4/2022,197,215,1250,8.703,176.594,11.705,12.4208,128841.6192,11,181,5,0.055837563,0.918781726,0.025380711
24/4/2022,209,127,1330,9.981,185.194,13.823,16.9992,927977.074,17,183,9,0.081339713,0.875598086,0.043062201
25/4/2022,246,188,1405,10.501,219.314,16.182,23.6891,269440.0937,14,224,8,0.056910569,0.910569106,0.032520325
26/4/2022,266,447,2240,11.637,237.407,16.954,26.8449,1060547.254,16,245,5,0.060150376,0.921052632,0.018796992
27/4/2022,281,206,1340,11.439,251.026,18.531,36.8403,-815274.4648,15,262,4,0.053380783,0.932384342,0.014234875
28/4/2022,273,554,4804,13.765,242.41,16.828,13.6466,653869.4992,10,252,11,0.036630037,0.923076923,0.04029304
29/4/2022,277,607,2084,12.423,246.741,17.837,27.9959,949609.5414,16,254,7,0.057761733,0.916967509,0.025270758
30/4/2022,219,150,924,8.882,195.611,14.51,26.5772,70695.8281,10,205,4,0.0456621,0.936073059,0.01826484
1/5/2022,350,214,1488,16.1,309.333,24.565,41.9084,1103950.308,24,314,12,0.068571429,0.897142857,0.034285714
2/5/2022,300,555,1989,11.693,268.02,20.292,30.2396,440878.1216,17,275,8,0.056666667,0.916666667,0.026666667
3/5/2022,276,649,4611,14.944,242.236,18.817,21.9076,1154271.207,15,252,9,0.054347826,0.913043478,0.032608696
4/5/2022,316,216,1457,12.127,285.023,18.853,31.0499,1263097.618,9,300,7,0.028481013,0.949367089,0.022151899
5/5/2022,323,189,1476,15.156,287.103,20.729,29.2969,591913.3823,16,300,7,0.049535604,0.92879257,0.021671827
6/5/2022,371,884,4085,19.687,327.311,24,18.3398,54503.6027,25,331,15,0.067385445,0.892183288,0.040431267
7/5/2022,356,406,1929,21.265,316.648,18.083,-5.622,197822.4126,17,321,18,0.047752809,0.901685393,0.050561798
8/5/2022,436,542,3423,25.989,384.437,25.579,3.467,8517.1801,17,406,13,0.038990826,0.931192661,0.029816514
9/5/2022,541,743,3623,30.739,474.602,35.673,31.9555,1088536.082,29,491,21,0.053604436,0.907578558,0.038817006
10/5/2022,461,504,3602,25.559,406.897,28.546,12.8213,412583.3315,25,416,20,0.054229935,0.902386117,0.043383948
11/5/2022,444,399,2442,26.3,387.966,29.727,9.4816,-67180.0826,23,400,21,0.051801802,0.900900901,0.047297297
12/5/2022,504,681,4107,27.336,438.01,38.656,52.597,-179199.5652,38,452,14,0.075396825,0.896825397,0.027777778
13/5/2022,371,444,3309,21.683,325.027,24.288,14.9967,-1028500.856,30,323,18,0.080862534,0.870619946,0.04851752
14/5/2022,334,248,1928,17.506,294.025,22.466,32.7331,501359.0551,17,306,11,0.050898204,0.916167665,0.032934132
15/5/2022,306,659,4217,12.643,277.54,15.812,19.9676,-40985.2752,14,283,9,0.045751634,0.924836601,0.029411765
16/5/2022,383,656,4141,18.976,341.446,22.578,14.6777,-432116.5289,20,358,5,0.052219321,0.934725849,0.01305483
17/5/2022,376,283,2217,19.995,332.565,23.44,21.6954,-3056391.055,17,349,10,0.045212766,0.928191489,0.026595745
18/5/2022,327,723,3891,15.186,285.918,25.893,38.6487,1028854.534,24,292,11,0.073394495,0.892966361,0.033639144
19/5/2022,322,1082,6245,17.824,283.453,20.722,22.3263,-170932.3015,23,287,12,0.071428571,0.891304348,0.037267081
20/5/2022,303,276,1684,14.325,270.497,18.178,15.504,701087.4478,18,275,10,0.059405941,0.907590759,0.0330033
21/5/2022,232,187,975,10.706,207.088,14.203,14.1964,518588.6332,9,217,6,0.038793103,0.935344828,0.025862069
22/5/2022,335,114,800,10.184,302.363,22.456,50.821,328110.4903,14,317,4,0.041791045,0.946268657,0.011940299
23/5/2022,288,344,3012,12.523,255.005,20.471,36.1889,485835.8712,21,259,8,0.072916667,0.899305556,0.027777778
24/5/2022,292,1831,10786,13.336,259.561,19.097,30.1111,-359347.1986,18,262,12,0.061643836,0.897260274,0.04109589
25/5/2022,277,192,1115,12.056,246.871,18.073,27.5931,334652.3021,23,248,6,0.083032491,0.895306859,0.02166065
26/5/2022,303,605,4524,13.952,271.22,17.82,24.2197,1085677.427,14,280,9,0.04620462,0.924092409,0.02970297
27/5/2022,308,380,2011,17.648,264.91,25.437,39.5402,235111.5198,25,265,18,0.081168831,0.86038961,0.058441558
28/5/2022,259,183,1349,12.717,229.489,16.795,23.4131,-52367.4278,21,229,9,0.081081081,0.884169884,0.034749035
29/5/2022,188,184,1151,10.85,163.932,13.219,15.918,158477.5633,18,164,6,0.095744681,0.872340426,0.031914894
30/5/2022,312,644,5292,14.73,275.516,21.751,30.3382,-104807.8788,19,280,13,0.060897436,0.897435897,0.041666667
31/5/2022,262,467,1896,12.83,230.8,18.373,20.7626,-593784.7515,23,234,5,0.08778626,0.893129771,0.019083969
1/6/2022,281,698,5365,14.253,250.26,16.485,18.8633,57716.3558,16,254,11,0.056939502,0.903914591,0.039145907
2/6/2022,254,539,3708,12.916,221.865,19.215,26.6618,339394.187,20,224,10,0.078740157,0.881889764,0.039370079
3/6/2022,218,218,1998,10.568,191.176,16.259,24.3019,209125.945,10,200,8,0.04587156,0.917431193,0.036697248
4/6/2022,209,144,724,9.426,186.246,13.325,15.3274,352887.9093,10,196,3,0.04784689,0.937799043,0.014354067
5/6/2022,201,267,1919,10.157,177.357,13.477,19.2227,-35548.2185,10,183,8,0.049751244,0.910447761,0.039800995
6/6/2022,258,400,2030,13.056,226.281,18.654,21.2978,574647.1417,17,230,11,0.065891473,0.891472868,0.042635659
7/6/2022,293,472,3685,12.925,260.058,20.021,30.107,183323.6165,15,270,8,0.051194539,0.921501706,0.027303754
8/6/2022,244,659,2020,12.387,216.047,15.57,15.1982,1017563.035,14,221,9,0.057377049,0.905737705,0.036885246
9/6/2022,232,929,5968,9.343,205.028,17.631,36.4392,377598.2441,7,221,4,0.030172414,0.952586207,0.017241379
10/6/2022,251,147,927,13.571,221.983,15.443,11.1256,-482187.2362,18,227,6,0.071713147,0.90438247,0.023904382
11/6/2022,243,89,760,11.929,212.311,18.764,27.8538,118359.4026,16,220,7,0.065843621,0.905349794,0.028806584
12/6/2022,312,282,1383,15.315,274.05,22.624,34.6958,-37998.2773,19,282,11,0.060897436,0.903846154,0.03525641
13/6/2022,565,797,5979,33.831,492.5,38.675,24.3301,1236970.689,31,500,34,0.054867257,0.884955752,0.060176991
14/6/2022,470,451,2584,27.156,408.859,33.984,38.2692,315385.8137,34,410,26,0.072340426,0.872340426,0.055319149
15/6/2022,416,456,2595,23.402,363.021,29.573,24.9602,-311482.5591,30,368,18,0.072115385,0.884615385,0.043269231
16/6/2022,351,522,3782,17.577,309.755,23.665,23.4971,282789.1011,23,312,16,0.065527066,0.888888889,0.045584046
17/6/2022,306,1307,11199,17.206,265.306,23.491,25.3123,990555.7781,20,269,17,0.065359477,0.879084967,0.055555556
18/6/2022,560,810,6517,36.028,484.827,39.144,17.3538,-89603.3336,28,493,39,0.05,0.880357143,0.069642857
19/6/2022,422,4968,33687,28.718,359.405,33.875,21.258,60928187.38,29,373,20,0.068720379,0.883886256,0.047393365
20/6/2022,378,2857,25118,18.146,330.618,29.236,42.2151,7324227.351,33,332,13,0.087301587,0.878306878,0.034391534
21/6/2022,302,364,1633,15.684,265.721,20.589,20.8164,43919.5743,18,270,14,0.059602649,0.894039735,0.046357616
22/6/2022,300,969,5797,14.68,263.904,21.419,29.174,662855.1598,30,261,9,0.1,0.87,0.03
23/6/2022,417,1644,12370,15.724,381.652,19.628,14.2115,5282169.509,127,280,10,0.304556355,0.67146283,0.023980815
24/6/2022,341,713,3813,13.655,305.894,21.454,35.5131,1011062.76,54,278,9,0.158357771,0.815249267,0.026392962
25/6/2022,239,1292,8985,11.577,211.797,15.631,16.2153,-1425094.127,14,221,4,0.058577406,0.924686192,0.016736402
26/6/2022,254,324,2300,13.772,224.693,15.534,6.2259,-254074.9484,13,233,8,0.051181102,0.917322835,0.031496063
27/6/2022,272,922,6086,11.752,240.794,19.451,25.2107,1212275.365,15,252,5,0.055147059,0.926470588,0.018382353
28/6/2022,284,1394,10921,13.409,253.186,17.403,19.5517,-439399.5789,16,255,13,0.056338028,0.897887324,0.045774648
29/6/2022,268,393,2135,12.514,235.19,20.287,28.4564,242421.9325,8,249,11,0.029850746,0.929104478,0.041044776
30/6/2022,320,184,1699,16.901,279.33,23.776,27.1736,231972.2343,12,285,23,0.0375,0.890625,0.071875
1/7/2022,219,296,1815,10.207,193.655,15.13,23.9534,168483.1818,11,198,10,0.050228311,0.904109589,0.0456621
2/7/2022,224,163,1000,12.205,198.039,13.757,7.5021,340170.3065,8,207,9,0.035714286,0.924107143,0.040178571
3/7/2022,272,123,926,14.739,241.13,16.138,7.4679,26085.8358,8,260,4,0.029411765,0.955882353,0.014705882
4/7/2022,273,945,6655,12.304,242.612,18.085,28.9885,1215948.406,10,260,3,0.036630037,0.952380952,0.010989011
5/7/2022,249,348,1923,11.726,221.839,15.436,21.1347,27698.1222,17,223,9,0.068273092,0.895582329,0.036144578
6/7/2022,256,398,3434,9.968,228.761,17.274,29.3809,1060626.692,15,229,12,0.05859375,0.89453125,0.046875
7/7/2022,285,503,3950,13.18,254.444,17.374,23.1197,-69722.7401,19,255,11,0.066666667,0.894736842,0.038596491
8/7/2022,239,454,3843,10.475,213.648,14.872,21.4304,788305.1304,21,212,6,0.087866109,0.887029289,0.025104603
9/7/2022,230,455,2803,10.265,203.055,16.676,26.1812,1515538.125,13,213,4,0.056521739,0.926086957,0.017391304
10/7/2022,223,86,582,12.249,198.888,11.86,2.8094,129619.2743,13,205,5,0.058295964,0.919282511,0.022421525
11/7/2022,321,365,1979,18.079,284.249,18.676,8.3303,658987.7269,16,271,34,0.049844237,0.84423676,0.105919003
12/7/2022,275,216,1376,14.469,242.446,18.095,17.9826,47009.4102,16,251,8,0.058181818,0.912727273,0.029090909
13/7/2022,268,374,1655,12.598,238.779,16.624,19.6531,248610.4098,21,238,9,0.078358209,0.888059701,0.03358209
14/7/2022,219,204,1314,10.405,194.602,13.988,19.3267,3605494.215,14,200,5,0.063926941,0.913242009,0.02283105
15/7/2022,202,244,1835,11.639,176.781,13.584,8.6705,58921.1517,17,174,11,0.084158416,0.861386139,0.054455446
16/7/2022,170,242,2385,8.219,151.073,10.705,11.3046,237983.5797,6,159,5,0.035294118,0.935294118,0.029411765
17/7/2022,390,828,4878,33.233,338.021,18.747,-42.3135,-471839.2727,17,358,15,0.043589744,0.917948718,0.038461538
18/7/2022,309,1029,4498,15.023,268.057,25.915,41.0533,691340.6383,23,272,14,0.074433657,0.8802589,0.045307443
19/7/2022,278,416,1745,15.249,242.878,19.874,21.2865,337675.5251,15,248,15,0.053956835,0.892086331,0.053956835
20/7/2022,350,1270,5035,16.602,309.437,23.96,32.1188,445557.8563,27,308,15,0.077142857,0.88,0.042857143
21/7/2022,364,902,4538,20.549,319.144,24.307,19.432,1014938.103,26,326,12,0.071428571,0.895604396,0.032967033
22/7/2022,272,1239,7865,13.652,240.651,17.699,21.2074,1200029.711,12,255,5,0.044117647,0.9375,0.018382353
23/7/2022,245,992,6455,10.68,217.254,17.064,30.7632,-3137497.891,14,218,13,0.057142857,0.889795918,0.053061224
24/7/2022,275,213,1836,17.086,242.838,15.068,-6.1918,98319.8003,9,264,2,0.032727273,0.96,0.007272727
25/7/2022,265,303,1377,13.334,233.63,18.032,18.1554,-45116.9641,20,234,11,0.075471698,0.883018868,0.041509434
26/7/2022,240,219,1556,13.296,209.406,17.3,18.252,300394.9042,12,220,8,0.05,0.916666667,0.033333333
27/7/2022,241,240,1305,12.488,212.301,16.204,22.7929,189698.593,14,220,7,0.058091286,0.912863071,0.029045643
28/7/2022,302,203,1478,16.44,263.17,22.39,33.008,317058.7873,17,272,13,0.056291391,0.900662252,0.043046358
29/7/2022,232,316,1166,10.431,206.421,15.149,22.9827,589774.4096,16,213,3,0.068965517,0.918103448,0.012931034
30/7/2022,247,367,1237,10.495,218.325,18.183,30.8176,88580.4141,16,227,4,0.064777328,0.91902834,0.016194332
31/7/2022,217,1011,10241,12.881,189.694,14.422,6.8688,-398353.3409,11,202,4,0.050691244,0.930875576,0.01843318
1/8/2022,257,532,2690,14.81,224.368,17.821,17.2746,228524.6936,17,230,10,0.06614786,0.894941634,0.038910506
2/8/2022,230,348,1250,10.33,204.696,14.976,22.3279,266781.9115,16,203,11,0.069565217,0.882608696,0.047826087
3/8/2022,245,290,1917,9.078,217.939,17.983,33.46,809848.0229,16,221,8,0.065306122,0.902040816,0.032653061
4/8/2022,295,313,1859,12.314,261.106,21.577,40.5002,149931.4798,18,269,8,0.061016949,0.911864407,0.027118644
5/8/2022,261,358,1378,7.853,236.977,16.168,32.7062,386186.2072,12,246,3,0.045977011,0.942528736,0.011494253
6/8/2022,248,227,988,16.08,218.421,13.502,-0.69,371683.3857,12,228,8,0.048387097,0.919354839,0.032258065
7/8/2022,238,119,661,10.329,213.331,14.342,19.6245,-21103.7776,10,223,5,0.042016807,0.93697479,0.021008403
8/8/2022,335,783,6326,12.876,297.967,24.149,48.9717,1146057.146,25,300,10,0.074626866,0.895522388,0.029850746
9/8/2022,305,321,1831,14.396,271.61,18.992,23.0742,833313.247,11,287,7,0.036065574,0.940983607,0.02295082
10/8/2022,248,318,1471,8.102,218.728,21.171,49.9462,309859.4846,20,222,6,0.080645161,0.89516129,0.024193548
11/8/2022,309,1540,11756,11.791,273.456,23.749,49.7176,8750260.246,26,275,8,0.084142395,0.889967638,0.025889968
12/8/2022,320,1389,8653,17.868,282.644,19.483,17.374,303895.4708,21,291,8,0.065625,0.909375,0.025
13/8/2022,315,627,3862,14.287,277.932,22.777,28.5906,-120345.1401,16,291,8,0.050793651,0.923809524,0.025396825
14/8/2022,287,603,2571,10.855,259.387,16.762,26.0302,852317.5591,9,269,9,0.031358885,0.93728223,0.031358885
15/8/2022,330,702,3821,14.967,294.659,20.382,28.6681,-844462.3389,10,315,5,0.03030303,0.954545455,0.015151515
16/8/2022,325,798,4958,11.754,293.275,19.968,31.5917,574633.5121,14,301,10,0.043076923,0.926153846,0.030769231
17/8/2022,354,498,2012,17.413,310.34,26.251,29.0721,-231325.1503,17,327,10,0.048022599,0.923728814,0.028248588
18/8/2022,268,539,2684,12.89,240.644,14.467,5.7045,-607042.44,4,258,6,0.014925373,0.962686567,0.02238806
19/8/2022,319,405,2528,15.577,283.376,20.052,15.306,981869.2781,18,293,8,0.056426332,0.918495298,0.02507837
20/8/2022,265,272,2446,12.122,237.725,15.148,15.7027,-433814.5968,12,246,7,0.045283019,0.928301887,0.026415094
21/8/2022,307,170,1380,15.133,270.083,21.787,6.696,23028.505,13,286,8,0.042345277,0.931596091,0.026058632
22/8/2022,293,814,4510,12.243,262.629,18.134,21.7568,2185530.442,18,263,12,0.061433447,0.897610922,0.040955631
23/8/2022,256,410,1899,12.781,222.675,20.542,30.5896,156655.8317,11,239,6,0.04296875,0.93359375,0.0234375
24/8/2022,274,646,3735,10.911,248.312,14.773,9.9145,-823232.7061,13,257,4,0.047445255,0.937956204,0.01459854
25/8/2022,242,340,1533,8.344,216.824,16.837,35.8992,444634.0078,15,221,6,0.061983471,0.91322314,0.024793388
26/8/2022,254,304,1729,11.865,229.19,12.942,9.6982,12114.4543,9,241,4,0.035433071,0.948818898,0.015748031
27/8/2022,256,322,1829,11.58,230.186,14.236,15.2465,146646.3702,8,237,11,0.03125,0.92578125,0.04296875
28/8/2022,290,159,1085,14.006,260.605,15.388,8.8466,214535.9807,11,274,5,0.037931034,0.944827586,0.017241379
29/8/2022,257,1548,8923,11.259,228.793,16.951,24.1678,6103845.86,18,235,4,0.070038911,0.914396887,0.015564202
30/8/2022,340,407,1891,12.726,305.723,21.551,35.8897,146454.9214,17,318,5,0.05,0.935294118,0.014705882
31/8/2022,294,592,2150,11.425,262.066,20.499,40.6132,2116618.717,29,261,4,0.098639456,0.887755102,0.013605442
1/9/2022,457,291,1170,15.599,417.43,23.986,35.4716,177812.3055,21,429,7,0.04595186,0.938730853,0.015317287
2/9/2022,298,563,1976,10.579,265.576,21.845,44.1406,757904.1991,14,276,8,0.046979866,0.926174497,0.026845638
3/9/2022,214,168,1059,7.491,190.097,16.409,36.5764,635098.208,15,197,2,0.070093458,0.920560748,0.009345794
4/9/2022,258,326,1405,9.55,230.868,17.585,33.0508,-2515.9333,8,242,8,0.031007752,0.937984496,0.031007752
5/9/2022,280,429,2253,10.337,248.15,21.517,43.2136,110477.3031,9,266,5,0.032142857,0.95,0.017857143
6/9/2022,418,424,3456,19.013,375.216,23.77,21.7594,464106.2017,9,395,14,0.0215311,0.944976077,0.033492823
7/9/2022,488,551,3359,17.836,435.384,34.776,54.3278,2393473.416,14,465,9,0.028688525,0.952868852,0.018442623
8/9/2022,309,384,2073,12.147,275.034,21.821,38.244,1365145.971,10,296,3,0.03236246,0.957928803,0.009708738
9/9/2022,331,205,1431,14.887,292.203,23.911,37.7138,-83019.4479,18,309,4,0.054380665,0.933534743,0.012084592
10/9/2022,240,335,1315,10.434,212.592,16.978,30.9088,304061.2084,4,229,7,0.016666667,0.954166667,0.029166667
11/9/2022,253,262,2371,7.7,224.961,20.335,39.7241,293667.99,13,237,3,0.051383399,0.936758893,0.011857708
12/9/2022,363,236,1739,11.628,325.634,25.744,49.0865,238709.8425,16,338,9,0.044077135,0.931129477,0.024793388
13/9/2022,292,292,1543,14.297,256.987,20.715,33.8032,170149.9846,13,270,9,0.044520548,0.924657534,0.030821918
14/9/2022,292,233,1019,14.008,255.54,22.454,43.9604,405266.4668,15,268,9,0.051369863,0.917808219,0.030821918
15/9/2022,291,935,1838,13.759,257.682,19.559,27.6957,891240.6145,16,265,10,0.054982818,0.910652921,0.034364261
16/9/2022,279,365,1461,12.601,245.058,21.339,42.0385,746977.8973,11,257,11,0.039426523,0.921146953,0.039426523
17/9/2022,271,110,615,11.38,240.236,19.384,35.0374,86288.8902,10,258,3,0.036900369,0.95202952,0.011070111
18/9/2022,273,171,1111,14.62,239.568,18.813,19.7165,-875717.909,5,258,10,0.018315018,0.945054945,0.036630037
19/9/2022,314,211,1305,13.83,276.454,23.714,37.9078,-14712.0407,15,287,12,0.047770701,0.914012739,0.038216561
20/9/2022,320,324,950,14.291,284.622,21.085,33.8367,1578477.333,12,300,8,0.0375,0.9375,0.025
21/9/2022,295,1304,6675,13.99,258.215,22.792,32.3963,-1688427.305,15,272,8,0.050847458,0.922033898,0.027118644
22/9/2022,294,529,2547,11.163,259.83,23.011,44.7684,164712.5204,10,279,5,0.034013605,0.948979592,0.017006803
23/9/2022,290,229,942,9.854,259.03,21.118,39.7521,277094.7379,10,267,13,0.034482759,0.920689655,0.044827586
24/9/2022,313,1092,6898,14.66,277.606,20.734,27.1691,-5122953.091,4,305,4,0.012779553,0.974440895,0.012779553
25/9/2022,315,424,2159,15.199,280.321,19.481,18.4934,-368480.144,9,299,7,0.028571429,0.949206349,0.022222222
26/9/2022,277,830,4342,12.019,245.87,19.106,33.9143,1576572.183,16,247,14,0.057761733,0.891696751,0.050541516
27/9/2022,316,520,2351,13.185,279.569,23.242,39.7305,208231.4963,17,290,9,0.053797468,0.917721519,0.028481013
28/9/2022,304,314,1604,10.483,268.301,25.213,48.6551,689304.1264,15,285,4,0.049342105,0.9375,0.013157895
29/9/2022,272,193,1318,10.808,240.899,20.289,41.8982,-668640.7384,12,258,2,0.044117647,0.948529412,0.007352941
30/9/2022,339,317,1790,12.244,307.55,19.208,34.173,-122338.2741,14,316,9,0.041297935,0.932153392,0.026548673
1/10/2022,223,393,1977,9.709,197.698,15.602,23.7507,-4762284.919,11,205,7,0.049327354,0.919282511,0.031390135
2/10/2022,307,213,1722,14.457,271.968,20.577,22.2315,194007.7592,12,286,9,0.039087948,0.931596091,0.029315961
3/10/2022,292,1614,9413,14.26,255.341,22.394,35.7845,-45168.3324,20,265,7,0.068493151,0.907534247,0.023972603
4/10/2022,278,515,3372,15.257,241.852,20.884,35.3729,883143.1171,14,257,7,0.050359712,0.924460432,0.025179856
5/10/2022,238,545,1686,11.137,208.333,18.537,35.0615,1124212.417,9,226,3,0.037815126,0.949579832,0.012605042
6/10/2022,270,615,3396,10.932,240.862,18.21,35.5095,1401525.952,13,252,5,0.048148148,0.933333333,0.018518519
7/10/2022,248,589,3510,13.207,215.659,19.14,29.6271,901665.5847,16,226,6,0.064516129,0.911290323,0.024193548
8/10/2022,185,616,3224,9.626,163.201,12.174,17.653,257200.4184,7,172,6,0.037837838,0.92972973,0.032432432
9/10/2022,252,4785,6288,13.487,219.783,18.728,21.2289,17376846.16,13,233,6,0.051587302,0.924603175,0.023809524
10/10/2022,241,572,3679,11.271,210.965,18.768,34.5971,635511.5816,12,217,12,0.049792531,0.900414938,0.049792531
11/10/2022,257,272,1841,12.021,223.402,21.581,33.4924,-9770.5187,14,235,8,0.054474708,0.914396887,0.031128405
12/10/2022,233,1080,6682,11.939,202.207,18.853,29.2364,936054.5524,10,213,10,0.042918455,0.91416309,0.042918455
13/10/2022,346,323,1559,18.099,298.555,29.34,45.8029,524408.917,22,315,9,0.063583815,0.910404624,0.026011561
14/10/2022,402,393,2011,11.835,350.532,39.637,84.5909,902625.6727,11,383,8,0.027363184,0.952736318,0.019900498
15/10/2022,294,607,2668,12.506,257.461,24.032,45.3509,998087.7824,16,272,6,0.054421769,0.925170068,0.020408163
16/10/2022,296,93,594,14.439,261.013,20.541,15.6159,470596.7483,9,278,9,0.030405405,0.939189189,0.030405405
17/10/2022,319,511,1568,16.004,281.64,21.355,23.7313,489334.408,14,296,9,0.043887147,0.927899687,0.028213166
18/10/2022,295,496,2379,16.319,259.53,19.146,15.1933,173441.605,9,283,3,0.030508475,0.959322034,0.010169492
19/10/2022,241,736,4337,10.052,213.151,17.799,31.3016,676300.9195,12,225,4,0.049792531,0.933609959,0.01659751
20/10/2022,393,244,1191,9.467,367.93,15.604,22.0846,82396.6243,10,380,3,0.025445293,0.96692112,0.007633588
21/10/2022,230,957,1680,9.165,205.744,15.091,28.8223,79083.6895,11,215,4,0.047826087,0.934782609,0.017391304
22/10/2022,155,1244,2901,5.57,136.804,12.63,29.2151,1639102.568,10,141,4,0.064516129,0.909677419,0.025806452
23/10/2022,180,243,1400,7.656,158.469,13.883,28.7689,1302374.756,9,164,7,0.05,0.911111111,0.038888889
24/10/2022,192,575,2806,8.269,170.892,12.846,23.3284,457500.6079,13,177,2,0.067708333,0.921875,0.010416667
25/10/2022,237,1623,10320,10.371,209.371,17.255,29.4415,-5973945.185,12,220,5,0.050632911,0.928270042,0.021097046
26/10/2022,231,937,4182,8.696,204.953,17.36,38.1409,63329.2871,11,218,2,0.047619048,0.943722944,0.008658009
27/10/2022,293,773,4142,10.853,262.158,19.994,28.1586,2371.2392,25,261,7,0.085324232,0.890784983,0.023890785
28/10/2022,285,358,2072,10.383,253.036,21.589,47.9104,380430.4589,16,265,4,0.056140351,0.929824561,0.014035088
29/10/2022,207,158,733,8.02,182.054,16.92,46.9766,560778.2943,15,187,5,0.072463768,0.903381643,0.024154589
30/10/2022,240,109,917,12.305,207.45,20.251,35.7219,537927.1105,10,224,6,0.041666667,0.933333333,0.025
31/10/2022,428,419,1624,14.762,383.135,30.107,60.1068,547647.4558,23,400,5,0.053738318,0.934579439,0.011682243
1/11/2022,331,495,2429,12.993,294.332,23.679,53.354,-178398.5536,20,304,7,0.060422961,0.918429003,0.021148036
2/11/2022,341,444,2129,12.686,300.226,28.093,54.6853,330082.6478,37,296,8,0.108504399,0.868035191,0.023460411
3/11/2022,372,272,1145,16.216,329.125,26.663,44.6375,140586.0123,32,333,7,0.086021505,0.89516129,0.018817204
4/11/2022,509,730,1665,24.513,454.229,30.273,53.2824,584578.0488,22,478,9,0.043222004,0.939096267,0.017681729
5/11/2022,491,585,5988,25.953,435.393,29.661,36.1598,2341595.008,29,453,9,0.059063136,0.922606925,0.018329939
6/11/2022,404,225,1542,19.963,354.842,29.205,41.8111,311187.0919,18,374,12,0.044554455,0.925742574,0.02970297
7/11/2022,331,212,1011,13.448,291.527,26.032,48.1045,521583.4352,17,311,3,0.051359517,0.939577039,0.009063444
8/11/2022,385,574,2231,21.574,331.594,31.833,39.8927,482582.5745,19,356,10,0.049350649,0.924675325,0.025974026
9/11/2022,481,475,3016,27.216,418.163,35.626,35.8293,1583088.678,19,442,20,0.03950104,0.918918919,0.041580042
10/11/2022,433,662,3480,22.384,378.234,32.388,54.4176,-488476.6629,24,394,15,0.055427252,0.909930716,0.034642032
11/11/2022,382,1253,2751,21.329,331.482,29.185,37.7763,522286.7308,28,338,16,0.073298429,0.884816754,0.041884817
12/11/2022,453,435,2756,24.624,395.736,32.645,35.511,-67056.3386,20,415,18,0.04415011,0.91611479,0.039735099
13/11/2022,553,215,1620,35.788,478.389,38.825,20.1012,198434.7074,21,511,21,0.037974684,0.924050633,0.037974684
14/11/2022,420,301,2263,22.661,365.808,31.524,38.5219,835183.0247,20,386,14,0.047619048,0.919047619,0.033333333
15/11/2022,444,324,2189,23.35,384.994,35.663,50.9478,76964.4693,21,412,11,0.047297297,0.927927928,0.024774775
16/11/2022,378,445,3079,17.186,331.157,29.665,54.7691,-124259.674,15,345,18,0.03968254,0.912698413,0.047619048
17/11/2022,418,436,3013,22.974,362.293,32.735,37.4229,760111.5752,11,392,15,0.026315789,0.937799043,0.035885167
18/11/2022,367,1544,4854,16.741,323.556,26.705,38.5753,796742.2584,20,338,9,0.054495913,0.920980926,0.024523161
19/11/2022,372,411,2388,19.291,328.021,24.676,25.8619,131616.9299,9,354,9,0.024193548,0.951612903,0.024193548
20/11/2022,372,471,2341,17.034,326.481,28.481,50.4021,160535.6809,17,342,13,0.045698925,0.919354839,0.034946237
21/11/2022,423,658,3672,22.818,369.175,31.014,38.463,-441939.3231,16,385,22,0.037825059,0.910165485,0.052009456
22/11/2022,367,582,3104,16.369,327.637,22.991,27.3211,-1775606.349,20,334,13,0.054495913,0.910081744,0.035422343
23/11/2022,337,421,2551,14.995,298.454,23.54,38.9094,-575829.8859,14,314,9,0.041543027,0.931750742,0.026706231
24/11/2022,292,294,2167,12.964,257.814,21.221,39.8682,107808.7927,12,268,12,0.04109589,0.917808219,0.04109589
25/11/2022,264,292,1413,11.691,231.512,20.792,41.3002,669631.9502,17,239,8,0.064393939,0.90530303,0.03030303
26/11/2022,288,352,2046,16.968,249.18,21.852,21.0491,915623.4723,13,271,4,0.045138889,0.940972222,0.013888889
27/11/2022,230,302,2013,12.653,199.023,18.324,24.7443,260232,8,212,10,0.034782609,0.92173913,0.043478261
28/11/2022,421,165,1064,40.94,357.889,22.181,-39.4422,-175983.9334,10,399,12,0.023752969,0.947743468,0.028503563
29/11/2022,317,282,1916,16.416,278.2,22.374,33.4786,409043.132,11,293,13,0.034700315,0.924290221,0.041009464
30/11/2022,295,454,1587,15.358,259.095,20.532,22.9139,236970.5378,6,280,9,0.020338983,0.949152542,0.030508475
1/12/2022,260,166,953,12.372,229.108,18.514,23.3816,175962.2209,12,238,10,0.046153846,0.915384615,0.038461538
2/12/2022,228,799,1945,11.224,201.426,15.348,21.2242,346648.3692,6,217,5,0.026315789,0.951754386,0.021929825
3/12/2022,210,85,706,10.15,182.743,17.101,25.347,49626.0989,9,193,8,0.042857143,0.919047619,0.038095238
4/12/2022,229,269,2359,11.565,199.101,18.327,24.8015,257142.5995,18,206,5,0.07860262,0.899563319,0.021834061
5/12/2022,300,1901,12746,13.661,263.132,23.208,35.4465,-359350.9425,18,273,9,0.06,0.91,0.03
6/12/2022,307,210,1267,22.375,258.895,25.731,20.5475,167817.3801,15,285,7,0.048859935,0.928338762,0.022801303
7/12/2022,255,248,1891,12.368,225.41,17.225,23.3725,586756.6565,9,240,6,0.035294118,0.941176471,0.023529412
8/12/2022,265,746,1983,14.21,229.838,20.955,31.8436,1787046.359,20,235,10,0.075471698,0.886792453,0.037735849
9/12/2022,276,295,1306,14.572,239.334,22.087,34.1692,539227.0724,12,254,10,0.043478261,0.920289855,0.036231884
10/12/2022,249,144,826,13.978,216.312,18.71,28.6676,127903.3043,16,226,7,0.064257028,0.907630522,0.02811245
11/12/2022,274,252,1515,9.731,245.05,19.219,37.6477,197874.6316,8,262,4,0.02919708,0.95620438,0.01459854
12/12/2022,310,242,1573,18.125,267.339,24.538,32.1792,513669.7982,17,287,6,0.05483871,0.925806452,0.019354839
13/12/2022,301,557,3587,13.949,263.894,23.157,38.3853,1032951.976,6,289,6,0.019933555,0.96013289,0.019933555
14/12/2022,304,337,2112,16.372,262.913,24.704,36.9061,154744.9015,15,280,9,0.049342105,0.921052632,0.029605263
15/12/2022,302,417,2294,12.135,264.394,25.461,54.9888,1432893.499,26,265,11,0.086092715,0.877483444,0.036423841
16/12/2022,293,515,1500,14.269,253.807,24.928,47.9023,309636.8138,16,270,7,0.054607509,0.921501706,0.023890785
17/12/2022,270,562,1976,11.451,239.348,19.197,35.3027,3043745.822,17,238,15,0.062962963,0.881481481,0.055555556
18/12/2022,216,301,1608,10.477,190.627,14.885,20.5612,147468.2211,11,200,5,0.050925926,0.925925926,0.023148148
19/12/2022,258,236,1030,9.811,227.528,20.649,46.8201,-1068972.661,11,238,9,0.042635659,0.92248062,0.034883721
20/12/2022,281,301,2380,13.88,245.565,21.556,34.322,229082.5559,13,261,7,0.046263345,0.928825623,0.024911032
21/12/2022,280,705,4435,11.411,248.451,20.139,38.2227,129138.4298,23,254,3,0.082142857,0.907142857,0.010714286
22/12/2022,361,1438,3850,14.269,323.192,23.532,32.7754,3322699.414,22,330,9,0.060941828,0.914127424,0.024930748
23/12/2022,290,1155,3655,11.921,257.47,20.607,37.9946,842786.5701,21,259,10,0.072413793,0.893103448,0.034482759
24/12/2022,273,983,3274,13.228,236.987,22.789,34.5126,719223.0233,17,251,5,0.062271062,0.919413919,0.018315018
25/12/2022,257,212,1444,11.966,224.992,20.042,19.3536,-147015.3516,7,247,3,0.027237354,0.961089494,0.011673152
26/12/2022,279,1074,2272,12.27,247.913,18.818,22.8258,820712.7287,13,256,10,0.046594982,0.917562724,0.035842294
27/12/2022,299,194,1190,15.293,262.312,21.401,21.394,-124444.5686,12,279,8,0.040133779,0.933110368,0.026755853
28/12/2022,295,280,1750,12.223,260.151,22.623,38.1252,570497.2175,12,276,7,0.040677966,0.93559322,0.023728814
29/12/2022,298,366,1086,12.91,264.31,20.78,38.9582,153681.5477,7,282,9,0.023489933,0.946308725,0.030201342
30/12/2022,449,299,872,14.055,412.831,22.116,35.4715,188869.6219,11,427,11,0.024498886,0.951002227,0.024498886
31/12/2022,272,186,1017,11.49,247.12,13.388,10.7231,57953.3549,8,262,2,0.029411765,0.963235294,0.007352941
